No.;Time;;Time 1 ;Time 2;Delay;;Delay 1;Delay 2;Jiter
1;0;;0;0,048145;0,048145;;0,035099;0,011352;-0,023747
2;0,048145;;0,048145;0,061191;0,013046;;0,011352;-0,049298;-0,06065
3;0,061191;;0,061191;0,062885;0,001694;;-0,049298;-1,005771;-0,956473
4;0,062885;;0,062885;0,113877;0,050992;;-1,005771;1,010696;2,016467
5;0,113877;;0,113877;1,17064;1,056763;;1,010696;0,03498;-0,975716
6;1,17064;;1,17064;1,216707;0,046067;;0,03498;-0,040527;-0,075507
7;1,216707;;1,216707;1,227794;0,011087;;-0,040527;-0,188819;-0,148292
8;1,227794;;1,227794;1,279408;0,051614;;-0,188819;0,24029;0,429109
9;1,279408;;1,279408;1,519841;0,240433;;0,24029;-0,000181;-0,240471
23;1,519841;;1,519841;1,519984;0,000143;;-0,000181;0,000241;0,000422
24;1,519984;;1,519984;1,520308;0,000324;;0,000241;-0,083844;-0,084085
25;1,520308;;1,520308;1,520391;8,3E-05;;-0,083844;-0,074963;0,008881
26;1,520391;;1,520391;1,604318;0,083927;;-0,074963;0,158482;0,233445
29;1,604318;;1,604318;1,763208;0,15889;;0,158482;0,000354;-0,158128
34;1,763208;;1,763208;1,763616;0,000408;;0,000354;-0,000471;-0,000825
35;1,763616;;1,763616;1,76367;5,4E-05;;-0,000471;0,000465;0,000936
36;1,76367;;1,76367;1,764195;0,000525;;0,000465;5E-06;-0,00046
37;1,764195;;1,764195;1,764255;6E-05;;5E-06;-0,041473;-0,041478
38;1,764255;;1,764255;1,76431;5,5E-05;;-0,041473;-0,126628;-0,085155
39;1,76431;;1,76431;1,805838;0,041528;;-0,126628;0,167717;0,294345
40;1,805838;;1,805838;1,973994;0,168156;;0,167717;-0,067138;-0,234855
41;1,973994;;1,973994;1,974433;0,000439;;-0,067138;0,06381;0,130948
42;1,974433;;1,974433;2,04201;0,067577;;0,06381;0,003535;-0,060275
43;2,04201;;2,04201;2,045777;0,003767;;0,003535;-4,243917;-4,247452
44;2,045777;;2,045777;2,046009;0,000232;;-4,243917;4,243205;8,487122
45;2,046009;;2,046009;6,290158;4,244149;;4,243205;0,0009;-4,242305
60;6,290158;;6,290158;6,291102;0,000944;;0,0009;-3,269772;-3,270672
61;6,291102;;6,291102;6,291146;4,4E-05;;-3,269772;2,142025;5,411797
62;6,291146;;6,291146;9,560962;3,269816;;2,142025;1,062208;-1,079817
65;9,560962;;9,560962;10,688753;1,127791;;1,062208;-0,038978;-1,101186
66;10,688753;;10,688753;10,754336;0,065583;;-0,038978;0,056434;0,095412
67;10,754336;;10,754336;10,858897;0,104561;;0,056434;-1,729474;-1,785908
68;10,858897;;10,858897;10,907024;0,048127;;-1,729474;1,694217;3,423691
69;10,907024;;10,907024;12,684625;1,777601;;1,694217;-0,002467;-1,696684
90;12,684625;;12,684625;12,768009;0,083384;;-0,002467;0,040871;0,043338
92;12,768009;;12,768009;12,85386;0,085851;;0,040871;-1,256617;-1,297488
93;12,85386;;12,85386;12,89884;0,04498;;-1,256617;1,300807;2,557424
94;12,89884;;12,89884;14,200437;1,301597;;1,300807;-0,265044;-1,565851
511;14,200437;;14,200437;14,201227;0,00079;;-0,265044;0,198314;0,463358
512;14,201227;;14,201227;14,467061;0,265834;;0,198314;0,06752;-0,130794
574;14,467061;;14,467061;14,534581;0,06752;;0,06752;-0,00023;-0,06775
587;14,534581;;14,534581;14,534581;0;;-0,00023;-0,00045;-0,00022
588;14,534581;;14,534581;14,534811;0,00023;;-0,00045;-0,38913;-0,38868
592;14,534811;;14,534811;14,535491;0,00068;;-0,38913;0,38981;0,77894
596;14,535491;;14,535491;14,925301;0,38981;;0,38981;0;-0,38981
710;14,925301;;14,925301;14,925301;0;;0;-0,000209;-0,000209
712;14,925301;;14,925301;14,925301;0;;-0,000209;-0,00012;8,9E-05
713;14,925301;;14,925301;14,92551;0,000209;;-0,00012;7,8E-05;0,000198
714;14,92551;;14,92551;14,925839;0,000329;;7,8E-05;0,000251;0,000173
715;14,925839;;14,925839;14,92609;0,000251;;0,000251;-6E-05;-0,000311
716;14,92609;;14,92609;14,92609;0;;-6E-05;-0,001063;-0,001003
717;14,92609;;14,92609;14,92615;6E-05;;-0,001063;0,001123;0,002186
719;14,92615;;14,92615;14,927273;0,001123;;0,001123;0;-0,001123
720;14,927273;;14,927273;14,927273;0;;0;-0,000148;-0,000148
721;14,927273;;14,927273;14,927273;0;;-0,000148;-0,000495;-0,000347
722;14,927273;;14,927273;14,927421;0,000148;;-0,000495;-0,341016;-0,340521
724;14,927421;;14,927421;14,928064;0,000643;;-0,341016;0,341659;0,682675
728;14,928064;;14,928064;15,269723;0,341659;;0,341659;0;-0,341659
789;15,269723;;15,269723;15,269723;0;;0;-0,000362;-0,000362
790;15,269723;;15,269723;15,269723;0;;-0,000362;0,000268;0,00063
791;15,269723;;15,269723;15,270085;0,000362;;0,000268;3,6E-05;-0,000232
793;15,270085;;15,270085;15,270179;9,4E-05;;3,6E-05;-0,008117;-0,008153
794;15,270179;;15,270179;15,270237;5,8E-05;;-0,008117;0,008175;0,016292
795;15,270237;;15,270237;15,278412;0,008175;;0,008175;0;-0,008175
798;15,278412;;15,278412;15,278412;0;;0;0;0
799;15,278412;;15,278412;15,278412;0;;0;-0,0002;-0,0002
800;15,278412;;15,278412;15,278412;0;;-0,0002;-0,003464;-0,003264
801;15,278412;;15,278412;15,278612;0,0002;;-0,003464;-0,025293;-0,021829
806;15,278612;;15,278612;15,282276;0,003664;;-0,025293;-0,630462;-0,605169
811;15,282276;;15,282276;15,311233;0,028957;;-0,630462;0,659419;1,289881
814;15,311233;;15,311233;15,970652;0,659419;;0,659419;-0,042962;-0,702381
981;15,970652;;15,970652;15,970652;0;;-0,042962;-0,511859;-0,468897
982;15,970652;;15,970652;16,013614;0,042962;;-0,511859;0,554821;1,06668
989;16,013614;;16,013614;16,568435;0,554821;;0,554821;-0,000164;-0,554985
1100;16,568435;;16,568435;16,568435;0;;-0,000164;7,5E-05;0,000239
1101;16,568435;;16,568435;16,568599;0,000164;;7,5E-05;-8E-06;-8,3E-05
1102;16,568599;;16,568599;16,568688;8,9E-05;;-8E-06;-0,202344;-0,202336
1103;16,568688;;16,568688;16,568785;9,7E-05;;-0,202344;0,202441;0,404785
1104;16,568785;;16,568785;16,771226;0,202441;;0,202441;-3,270209;-3,47265
1107;16,771226;;16,771226;16,771226;0;;-3,270209;3,27004;6,540249
1108;16,771226;;16,771226;20,041435;3,270209;;3,27004;0,00011;-3,26993
1588;20,041435;;20,041435;20,041604;0,000169;;0,00011;5,9E-05;-5,1E-05
1589;20,041604;;20,041604;20,041663;5,9E-05;;5,9E-05;-0,445295;-0,445354
1590;20,041663;;20,041663;20,041663;0;;-0,445295;0,309037;0,754332
1591;20,041663;;20,041663;20,486958;0,445295;;0,309037;0,133806;-0,175231
1700;20,486958;;20,486958;20,623216;0,136258;;0,133806;0,002452;-0,131354
1744;20,623216;;20,623216;20,625668;0,002452;;0,002452;0;-0,002452
1746;20,625668;;20,625668;20,625668;0;;0;-0,000196;-0,000196
1747;20,625668;;20,625668;20,625668;0;;-0,000196;-0,000609;-0,000413
1748;20,625668;;20,625668;20,625864;0,000196;;-0,000609;0,000702;0,001311
1750;20,625864;;20,625864;20,626669;0,000805;;0,000702;-0,241711;-0,242413
1751;20,626669;;20,626669;20,626772;0,000103;;-0,241711;0,241814;0,483525
1752;20,626772;;20,626772;20,868586;0,241814;;0,241814;-1,960962;-2,202776
1800;20,868586;;20,868586;20,868586;0;;-1,960962;1,822289;3,783251
1801;20,868586;;20,868586;22,829548;1,960962;;1,822289;-5,46447;-7,286759
2286;22,829548;;22,829548;22,968221;0,138673;;-5,46447;5,353751;10,818221
2306;22,968221;;22,968221;28,571364;5,603143;;5,353751;-3,373701;-8,727452
3623;28,571364;;28,571364;28,820756;0,249392;;-3,373701;3,396622;6,770323
3686;28,820756;;28,820756;32,443849;3,623093;;3,396622;-1,469717;-4,866339
4542;32,443849;;32,443849;32,67032;0,226471;;-1,469717;1,493538;2,963255
4600;32,67032;;32,67032;34,366508;1,696188;;1,493538;-6,903898;-8,397436
5000;34,366508;;34,366508;34,569158;0,20265;;-6,903898;7,056671;13,960569
5050;34,569158;;34,569158;41,675706;7,106548;;7,056671;-0,02519;-7,081861
5502;41,675706;;41,675706;41,725583;0,049877;;-0,02519;0,028871;0,054061
5503;41,725583;;41,725583;41,80065;0,075067;;0,028871;-0,965587;-0,994458
5504;41,80065;;41,80065;41,846846;0,046196;;-0,965587;0,944321;1,909908
5505;41,846846;;41,846846;42,858629;1,011783;;0,944321;-0,002914;-0,947235
5508;42,858629;;42,858629;42,926091;0,067462;;-0,002914;0,022064;0,024978
5509;42,926091;;42,926091;42,996467;0,070376;;0,022064;-2,02837;-2,050434
5516;42,996467;;42,996467;43,044779;0,048312;;-2,02837;1,995728;4,024098
5518;43,044779;;43,044779;45,121461;2,076682;;1,995728;-4,0294;-6,025128
5520;45,121461;;45,121461;45,202415;0,080954;;-4,0294;4,107573;8,136973
5521;45,202415;;45,202415;49,312769;4,110354;;4,107573;-0,049237;-4,15681
5524;49,312769;;49,312769;49,31555;0,002781;;-0,049237;-0,104168;-0,054931
5525;49,31555;;49,31555;49,367568;0,052018;;-0,104168;0,156015;0,260183
5526;49,367568;;49,367568;49,523754;0,156186;;0,156015;5,2E-05;-0,155963
5527;49,523754;;49,523754;49,523925;0,000171;;5,2E-05;-0,008543;-0,008595
5528;49,523925;;49,523925;49,524044;0,000119;;-0,008543;0,008505;0,017048
5529;49,524044;;49,524044;49,532706;0,008662;;0,008505;-1,403372;-1,411877
5530;49,532706;;49,532706;49,532863;0,000157;;-1,403372;1,034412;2,437784
5531;49,532863;;49,532863;50,936392;1,403529;;1,034412;0,309993;-0,724419
5532;50,936392;;50,936392;51,305509;0,369117;;0,309993;-2,497962;-2,807955
5533;51,305509;;51,305509;51,364633;0,059124;;-2,497962;2,49367;4,991632
5534;51,364633;;51,364633;53,921719;2,557086;;2,49367;-0,026892;-2,520562
5536;53,921719;;53,921719;53,985135;0,063416;;-0,026892;0,042328;0,06922
5537;53,985135;;53,985135;54,075443;0,090308;;0,042328;-0,404967;-0,447295
5538;54,075443;;54,075443;54,123423;0,04798;;-0,404967;0,382698;0,787665
5539;54,123423;;54,123423;54,57637;0,452947;;0,382698;-3,419189;-3,801887
5540;54,57637;;54,57637;54,646619;0,070249;;-3,419189;3,429642;6,848831
5541;54,646619;;54,646619;58,136057;3,489438;;3,429642;-0,215738;-3,64538
5551;58,136057;;58,136057;58,195853;0,059796;;-0,215738;0,275363;0,491101
5552;58,195853;;58,195853;58,471387;0,275534;;0,275363;-1,342138;-1,617501
5553;58,471387;;58,471387;58,471558;0,000171;;-1,342138;1,341901;2,684039
5554;58,471558;;58,471558;59,813867;1,342309;;1,341901;0,000301;-1,3416
5563;59,813867;;59,813867;59,814275;0,000408;;0,000301;0,000107;-0,000194
5564;59,814275;;59,814275;59,814382;0,000107;;0,000107;0;-0,000107
5565;59,814382;;59,814382;59,814382;0;;0;0;0
5566;59,814382;;59,814382;59,814382;0;;0;-0,05184;-0,05184
5567;59,814382;;59,814382;59,814382;0;;-0,05184;0,036749;0,088589
5568;59,814382;;59,814382;59,866222;0,05184;;0,036749;0,014963;-0,021786
5569;59,866222;;59,866222;59,881313;0,015091;;0,014963;-0,00653;-0,021493
5570;59,881313;;59,881313;59,881441;0,000128;;-0,00653;-0,039559;-0,033029
5571;59,881441;;59,881441;59,888099;0,006658;;-0,039559;-0,049391;-0,009832
5572;59,888099;;59,888099;59,934316;0,046217;;-0,049391;0,094033;0,143424
5573;59,934316;;59,934316;60,029924;0,095608;;0,094033;-0,071759;-0,165792
5574;60,029924;;60,029924;60,031499;0,001575;;-0,071759;-0,09728;-0,025521
5575;60,031499;;60,031499;60,104833;0,073334;;-0,09728;0,103397;0,200677
5576;60,104833;;60,104833;60,275447;0,170614;;0,103397;-0,568591;-0,671988
5577;60,275447;;60,275447;60,342664;0,067217;;-0,568591;0,535505;1,104096
5578;60,342664;;60,342664;60,978472;0,635808;;0,535505;-0,095974;-0,631479
5579;60,978472;;60,978472;61,078775;0,100303;;-0,095974;0,140532;0,236506
5580;61,078775;;61,078775;61,275052;0,196277;;0,140532;-0,003106;-0,143638
5581;61,275052;;61,275052;61,330797;0,055745;;-0,003106;0,017612;0,020718
5582;61,330797;;61,330797;61,389648;0,058851;;0,017612;-1,958157;-1,975769
5584;61,389648;;61,389648;61,430887;0,041239;;-1,958157;-0,450284;1,507873
5585;61,430887;;61,430887;63,430283;1,999396;;-0,450284;2,383681;2,833965
5586;63,430283;;63,430283;65,879963;2,44968;;2,383681;-1,962331;-4,346012
5589;65,879963;;65,879963;65,945962;0,065999;;-1,962331;1,672641;3,634972
5590;65,945962;;65,945962;67,974292;2,02833;;1,672641;-0,477829;-2,15047
5592;67,974292;;67,974292;68,329981;0,355689;;-0,477829;-2,238893;-1,761064
5593;68,329981;;68,329981;69,163499;0,833518;;-2,238893;3,071303;5,310196
5594;69,163499;;69,163499;72,23591;3,072411;;3,071303;-0,445966;-3,517269
5595;72,23591;;72,23591;72,237018;0,001108;;-0,445966;0,384752;0,830718
5596;72,237018;;72,237018;72,684092;0,447074;;0,384752;-0,013923;-0,398675
5597;72,684092;;72,684092;72,746414;0,062322;;-0,013923;0,026958;0,040881
5598;72,746414;;72,746414;72,822659;0,076245;;0,026958;-0,091929;-0,118887
5599;72,822659;;72,822659;72,871946;0,049287;;-0,091929;0,089872;0,181801
5600;72,871946;;72,871946;73,013162;0,141216;;0,089872;-0,022727;-0,112599
5601;73,013162;;73,013162;73,064506;0,051344;;-0,022727;0,027988;0,050715
5602;73,064506;;73,064506;73,138577;0,074071;;0,027988;-2,076591;-2,104579
5603;73,138577;;73,138577;73,18466;0,046083;;-2,076591;-0,241035;1,835556
5604;73,18466;;73,18466;75,307334;2,122674;;-0,241035;2,307299;2,548334
5605;75,307334;;75,307334;77,671043;2,363709;;2,307299;-0,595586;-2,902885
5615;77,671043;;77,671043;77,727453;0,05641;;-0,595586;-0,548836;0,04675
5616;77,727453;;77,727453;78,379449;0,651996;;-0,548836;1,135822;1,684658
5617;78,379449;;78,379449;79,580281;1,200832;;1,135822;-0,139098;-1,27492
5618;79,580281;;79,580281;79,645291;0,06501;;-0,139098;-2,300312;-2,161214
5619;79,645291;;79,645291;79,849399;0,204108;;-2,300312;2,504298;4,80461
5620;79,849399;;79,849399;82,353819;2,50442;;2,504298;6,1E-05;-2,504237
5633;82,353819;;82,353819;82,353941;0,000122;;6,1E-05;-0,085888;-0,085949
5634;82,353941;;82,353941;82,354002;6,1E-05;;-0,085888;-0,097572;-0,011684
5635;82,354002;;82,354002;82,439951;0,085949;;-0,097572;0,179906;0,277478
5650;82,439951;;82,439951;82,623472;0,183521;;0,179906;0,003445;-0,176461
5659;82,623472;;82,623472;82,627087;0,003615;;0,003445;-0,000541;-0,003986
5660;82,627087;;82,627087;82,627257;0,00017;;-0,000541;0,00064;0,001181
5661;82,627257;;82,627257;82,627968;0,000711;;0,00064;-0,097034;-0,097674
5662;82,627968;;82,627968;82,628039;7,1E-05;;-0,097034;-13,552611;-13,455577
5663;82,628039;;82,628039;82,725144;0,097105;;-13,552611;13,455936;27,008547
5664;82,725144;;82,725144;96,37486;13,649716;;13,455936;-2,884599;-16,340535
7477;96,37486;;96,37486;96,56864;0,19378;;-2,884599;3,038401;5,923
7507;96,56864;;96,56864;99,647019;3,078379;;3,038401;-3,42564;-6,464041
7637;99,647019;;99,647019;99,686997;0,039978;;-3,42564;3,338874;6,764514
7641;99,686997;;99,686997;103,152615;3,465618;;3,338874;0,027415;-3,311459
8462;103,152615;;103,152615;103,279359;0,126744;;0,027415;0,058371;0,030956
8502;103,279359;;103,279359;103,378688;0,099329;;0,058371;-0,224977;-0,283348
8518;103,378688;;103,378688;103,419646;0,040958;;-0,224977;0,171611;0,396588
8526;103,419646;;103,419646;103,685581;0,265935;;0,171611;-0,052837;-0,224448
8601;103,685581;;103,685581;103,779905;0,094324;;-0,052837;0,093402;0,146239
8625;103,779905;;103,779905;103,927066;0,147161;;0,093402;-1,086146;-1,179548
8647;103,927066;;103,927066;103,980825;0,053759;;-1,086146;1,070093;2,156239
8677;103,980825;;103,980825;105,12073;1,139905;;1,070093;-0,094858;-1,164951
8960;105,12073;;105,12073;105,190542;0,069812;;-0,094858;-0,003053;0,091805
8983;105,190542;;105,190542;105,355212;0,16467;;-0,003053;-0,394445;-0,391392
9014;105,355212;;105,355212;105,522935;0,167723;;-0,394445;0,324275;0,71872
9058;105,522935;;105,522935;106,085103;0,562168;;0,324275;-5,298067;-5,622342
9197;106,085103;;106,085103;106,322996;0,237893;;-5,298067;5,372409;10,670476
9249;106,322996;;106,322996;111,858956;5,53596;;5,372409;0,061404;-5,311005
10535;111,858956;;111,858956;112,022507;0,163551;;0,061404;0,052166;-0,009238
10586;112,022507;;112,022507;112,124654;0,102147;;0,052166;-1,107745;-1,159911
10602;112,124654;;112,124654;112,174635;0,049981;;-1,107745;0,910633;2,018378
10613;112,174635;;112,174635;113,332361;1,157726;;0,910633;0,194577;-0,716056
10869;113,332361;;113,332361;113,579454;0,247093;;0,194577;-0,140896;-0,335473
10928;113,579454;;113,579454;113,63197;0,052516;;-0,140896;0,193076;0,333972
10940;113,63197;;113,63197;113,825382;0,193412;;0,193076;-0,003782;-0,196858
11004;113,825382;;113,825382;113,825718;0,000336;;-0,003782;-0,286426;-0,282644
11005;113,825718;;113,825718;113,829836;0,004118;;-0,286426;-0,110173;0,176253
11008;113,829836;;113,829836;114,12038;0,290544;;-0,110173;0,400589;0,510762
11064;114,12038;;114,12038;114,521097;0,400717;;0,400589;6E-06;-0,400583
11154;114,521097;;114,521097;114,521225;0,000128;;6E-06;0,000122;0,000116
11155;114,521225;;114,521225;114,521347;0,000122;;0,000122;-5,7E-05;-0,000179
11156;114,521347;;114,521347;114,521347;0;;-5,7E-05;-0,032217;-0,03216
11157;114,521347;;114,521347;114,521404;5,7E-05;;-0,032217;-0,182277;-0,15006
11158;114,521404;;114,521404;114,553678;0,032274;;-0,182277;-0,047011;0,135266
11179;114,553678;;114,553678;114,768229;0,214551;;-0,047011;0,261299;0,30831
11217;114,768229;;114,768229;115,029791;0,261562;;0,261299;-0,004274;-0,265573
11269;115,029791;;115,029791;115,030054;0,000263;;-0,004274;0,004383;0,008657
11271;115,030054;;115,030054;115,034591;0,004537;;0,004383;-0,001999;-0,006382
11278;115,034591;;115,034591;115,034745;0,000154;;-0,001999;-0,189543;-0,187544
11279;115,034745;;115,034745;115,036898;0,002153;;-0,189543;0,191696;0,381239
11280;115,036898;;115,036898;115,228594;0,191696;;0,191696;-0,190052;-0,381748
11325;115,228594;;115,228594;115,228594;0;;-0,190052;0,189967;0,380019
11326;115,228594;;115,228594;115,418646;0,190052;;0,189967;-7,7E-05;-0,190044
11367;115,418646;;115,418646;115,418731;8,5E-05;;-7,7E-05;-0,215405;-0,215328
11368;115,418731;;115,418731;115,418893;0,000162;;-0,215405;-5,228778;-5,013373
11369;115,418893;;115,418893;115,63446;0,215567;;-5,228778;5,394985;10,623763
11421;115,63446;;115,63446;121,078805;5,444345;;5,394985;-1,561358;-6,956343
12677;121,078805;;121,078805;121,128165;0,04936;;-1,561358;1,227391;2,788749
12679;121,128165;;121,128165;122,738883;1,610718;;1,227391;-1,148462;-2,375853
13103;122,738883;;122,738883;123,12221;0,383327;;-1,148462;1,118065;2,266527
13183;123,12221;;123,12221;124,653999;1,531789;;1,118065;-2,246511;-3,364576
13539;124,653999;;124,653999;125,067723;0,413724;;-2,246511;2,565646;4,812157
13633;125,067723;;125,067723;127,727958;2,660235;;2,565646;-5,478069;-8,043715
14280;127,727958;;127,727958;127,822547;0,094589;;-5,478069;5,29415;10,772219
14318;127,822547;;127,822547;133,395205;5,572658;;5,29415;0,228402;-5,065748
15606;133,395205;;133,395205;133,673713;0,278508;;0,228402;0,005946;-0,222456
15672;133,673713;;133,673713;133,723819;0,050106;;0,005946;-0,866429;-0,872375
15694;133,723819;;133,723819;133,767979;0,04416;;-0,866429;0,719473;1,585902
15701;133,767979;;133,767979;134,678568;0,910589;;0,719473;0,087708;-0,631765
15907;134,678568;;134,678568;134,869684;0,191116;;0,087708;0,055066;-0,032642
15960;134,869684;;134,869684;134,973092;0,103408;;0,055066;-6,504856;-6,559922
15979;134,973092;;134,973092;135,021434;0,048342;;-6,504856;6,229055;12,733911
15988;135,021434;;135,021434;141,574632;6,553198;;6,229055;-2,466826;-8,695881
17515;141,574632;;141,574632;141,898775;0,324143;;-2,466826;2,605272;5,072098
17582;141,898775;;141,898775;144,689744;2,790969;;2,605272;-1,462452;-4,067724
18269;144,689744;;144,689744;144,875441;0,185697;;-1,462452;1,647624;3,110076
18322;144,875441;;144,875441;146,52359;1,648149;;1,647624;0,000442;-1,647182
18703;146,52359;;146,52359;146,524115;0,000525;;0,000442;-0,041531;-0,041973
18704;146,524115;;146,524115;146,524198;8,3E-05;;-0,041531;0,026135;0,067666
18705;146,524198;;146,524198;146,565812;0,041614;;0,026135;0,015479;-0,010656
18708;146,565812;;146,565812;146,581291;0,015479;;0,015479;-0,188649;-0,204128
18709;146,581291;;146,581291;146,581291;0;;-0,188649;0,148122;0,336771
18710;146,581291;;146,581291;146,76994;0,188649;;0,148122;-0,486014;-0,634136
18778;146,76994;;146,76994;146,810467;0,040527;;-0,486014;0,525195;1,011209
18780;146,810467;;146,810467;147,337008;0,526541;;0,525195;0,001276;-0,523919
18896;147,337008;;147,337008;147,338354;0,001346;;0,001276;-0,232226;-0,233502
18908;147,338354;;147,338354;147,338424;7E-05;;-0,232226;-2,400614;-2,168388
18909;147,338424;;147,338424;147,57072;0,232296;;-2,400614;2,571761;4,972375
18964;147,57072;;147,57072;150,20363;2,63291;;2,571761;-0,204689;-2,77645
19243;150,20363;;150,20363;150,264779;0,061149;;-0,204689;0,210835;0,415524
19244;150,264779;;150,264779;150,530617;0,265838;;0,210835;-0,68852;-0,899355
19245;150,530617;;150,530617;150,58562;0,055003;;-0,68852;0,664535;1,353055
19246;150,58562;;150,58562;151,329143;0,743523;;0,664535;-1,849108;-2,513643
19250;151,329143;;151,329143;151,408131;0,078988;;-1,849108;1,876054;3,725162
19260;151,408131;;151,408131;153,336227;1,928096;;1,876054;-5,139508;-7,015562
19264;153,336227;;153,336227;153,388269;0,052042;;-5,139508;5,046878;10,186386
19265;153,388269;;153,388269;158,579819;5,19155;;5,046878;-3,7059;-8,752778
20031;158,579819;;158,579819;158,724491;0,144672;;-3,7059;3,8504;7,5563
20085;158,724491;;158,724491;162,575063;3,850572;;3,8504;0,000122;-3,850278
20992;162,575063;;162,575063;162,575235;0,000172;;0,000122;-0,000385;-0,000507
20993;162,575235;;162,575235;162,575285;5E-05;;-0,000385;0,000107;0,000492
20994;162,575285;;162,575285;162,57572;0,000435;;0,000107;-0,067171;-0,067278
20995;162,57572;;162,57572;162,576048;0,000328;;-0,067171;0,066949;0,13412
20996;162,576048;;162,576048;162,643547;0,067499;;0,066949;-0,725909;-0,792858
20998;162,643547;;162,643547;162,644097;0,00055;;-0,725909;0,725005;1,450914
20999;162,644097;;162,644097;163,370556;0,726459;;0,725005;0,001454;-0,723551
21001;163,370556;;163,370556;163,37201;0,001454;;0,001454;-0,000101;-0,001555
21002;163,37201;;163,37201;163,37201;0;;-0,000101;-0,000601;-0,0005
21003;163,37201;;163,37201;163,372111;0,000101;;-0,000601;0,000645;0,001246
21004;163,372111;;163,372111;163,372813;0,000702;;0,000645;-3E-06;-0,000648
21005;163,372813;;163,372813;163,37287;5,7E-05;;-3E-06;-0,051889;-0,051886
21006;163,37287;;163,37287;163,37293;6E-05;;-0,051889;-0,252887;-0,200998
21007;163,37293;;163,37293;163,424879;0,051949;;-0,252887;0,251752;0,504639
21008;163,424879;;163,424879;163,729715;0,304836;;0,251752;-0,019795;-0,271547
21009;163,729715;;163,729715;163,782799;0,053084;;-0,019795;0,026962;0,046757
21010;163,782799;;163,782799;163,855678;0,072879;;0,026962;-1,726407;-1,753369
21011;163,855678;;163,855678;163,901595;0,045917;;-1,726407;1,70136;3,427767
21012;163,901595;;163,901595;165,673919;1,772324;;1,70136;-0,005358;-1,706718
21013;165,673919;;165,673919;165,744883;0,070964;;-0,005358;0,020896;0,026254
21014;165,744883;;165,744883;165,821205;0,076322;;0,020896;-2,198649;-2,219545
21015;165,821205;;165,821205;165,876631;0,055426;;-2,198649;2,199135;4,397784
21016;165,876631;;165,876631;168,130706;2,254075;;2,199135;-1,842524;-4,041659
21017;168,130706;;168,130706;168,185646;0,05494;;-1,842524;1,828919;3,671443
21018;168,185646;;168,185646;170,08311;1,897464;;1,828919;-4,846068;-6,674987
21019;170,08311;;170,08311;170,151655;0,068545;;-4,846068;-1,160491;3,685577
21020;170,151655;;170,151655;175,066268;4,914613;;-1,160491;5,800597;6,961088
21021;175,066268;;175,066268;181,141372;6,075104;;5,800597;0,169863;-5,630734
21611;181,141372;;181,141372;181,415879;0,274507;;0,169863;0,06278;-0,107083
21655;181,415879;;181,415879;181,520523;0,104644;;0,06278;-1,7523;-1,81508
21677;181,520523;;181,520523;181,562387;0,041864;;-1,7523;1,793892;3,546192
21700;181,562387;;181,562387;183,356551;1,794164;;1,793892;-0,2646;-2,058492
21990;183,356551;;183,356551;183,356823;0,000272;;-0,2646;0,097756;0,362356
21991;183,356823;;183,356823;183,621695;0,264872;;0,097756;0,166971;0,069215
22002;183,621695;;183,621695;183,788811;0,167116;;0,166971;-0,177793;-0,344764
22057;183,788811;;183,788811;183,788956;0,000145;;-0,177793;-2,759092;-2,581299
22058;183,788956;;183,788956;183,966894;0,177938;;-2,759092;2,516238;5,27533
22066;183,966894;;183,966894;186,903924;2,93703;;2,516238;-2,135686;-4,651924
22518;186,903924;;186,903924;187,324716;0,420792;;-2,135686;2,017354;4,15304
22560;187,324716;;187,324716;189,881194;2,556478;;2,017354;-2,901958;-4,919312
22901;189,881194;;189,881194;190,420318;0,539124;;-2,901958;3,098378;6,000336
22972;190,420318;;190,420318;193,8614;3,441082;;3,098378;0,317788;-2,78059
23188;193,8614;;193,8614;194,204104;0,342704;;0,317788;-0,028709;-0,346497
23189;194,204104;;194,204104;194,22902;0,024916;;-0,028709;-0,934401;-0,905692
23190;194,22902;;194,22902;194,282645;0,053625;;-0,934401;0,659441;1,593842
23191;194,282645;;194,282645;195,270671;0,988026;;0,659441;0,306011;-0,35343
23193;195,270671;;195,270671;195,599256;0,328585;;0,306011;-0,262122;-0,568133
23194;195,599256;;195,599256;195,62183;0,022574;;-0,262122;-0,222184;0,039938
23198;195,62183;;195,62183;195,906526;0,284696;;-0,222184;0,437962;0,660146
23201;195,906526;;195,906526;196,413406;0,50688;;0,437962;-0,127867;-0,565829
23203;196,413406;;196,413406;196,482324;0,068918;;-0,127867;-0,094072;0,033795
23205;196,482324;;196,482324;196,679109;0,196785;;-0,094072;0,287129;0,381201
23206;196,679109;;196,679109;196,969966;0,290857;;0,287129;-0,046199;-0,333328
23207;196,969966;;196,969966;196,973694;0,003728;;-0,046199;-6,65424;-6,608041
23208;196,973694;;196,973694;197,023621;0,049927;;-6,65424;6,358112;13,012352
23209;197,023621;;197,023621;203,727788;6,704167;;6,358112;-4,008787;-10,366899
23210;203,727788;;203,727788;204,073843;0,346055;;-4,008787;4,30008;8,308867
23211;204,073843;;204,073843;208,428685;4,354842;;4,30008;-4,648087;-8,948167
23212;208,428685;;208,428685;208,483447;0,054762;;-4,648087;4,642878;9,290965
23213;208,483447;;208,483447;213,186296;4,702849;;4,642878;-1,853959;-6,496837
23232;213,186296;;213,186296;213,246267;0,059971;;-1,853959;1,850213;3,704172
23233;213,246267;;213,246267;215,160197;1,91393;;1,850213;-7,284504;-9,134717
23239;215,160197;;215,160197;215,223914;0,063717;;-7,284504;7,294201;14,578705
23241;215,223914;;215,223914;222,572135;7,348221;;7,294201;0,053555;-7,240646
23259;222,572135;;222,572135;222,626155;0,05402;;0,053555;-0,003936;-0,057491
23260;222,626155;;222,626155;222,62662;0,000465;;-0,003936;-0,061656;-0,05772
23261;222,62662;;222,62662;222,631021;0,004401;;-0,061656;-0,398903;-0,337247
23262;222,631021;;222,631021;222,697078;0,066057;;-0,398903;0,464823;0,863726
23263;222,697078;;222,697078;223,162038;0,46496;;0,464823;-0,000169;-0,464992
23265;223,162038;;223,162038;223,162175;0,000137;;-0,000169;0,000238;0,000407
23266;223,162175;;223,162175;223,162481;0,000306;;0,000238;6,2E-05;-0,000176
23267;223,162481;;223,162481;223,162549;6,8E-05;;6,2E-05;-0,081614;-0,081676
23268;223,162549;;223,162549;223,162555;6E-06;;-0,081614;0,021728;0,103342
23269;223,162555;;223,162555;223,244175;0,08162;;0,021728;0,059658;0,03793
23271;223,244175;;223,244175;223,304067;0,059892;;0,059658;-0,00036;-0,060018
23272;223,304067;;223,304067;223,304301;0,000234;;-0,00036;-0,046326;-0,045966
23273;223,304301;;223,304301;223,304895;0,000594;;-0,046326;0,00045;0,046776
23274;223,304895;;223,304895;223,351815;0,04692;;0,00045;0,046298;0,045848
23275;223,351815;;223,351815;223,398285;0,04647;;0,046298;2,3E-05;-0,046275
23276;223,398285;;223,398285;223,398457;0,000172;;2,3E-05;0,000149;0,000126
23277;223,398457;;223,398457;223,398606;0,000149;;0,000149;-0,000117;-0,000266
23278;223,398606;;223,398606;223,398606;0;;-0,000117;-0,021181;-0,021064
23279;223,398606;;223,398606;223,398723;0,000117;;-0,021181;-0,064922;-0,043741
23280;223,398723;;223,398723;223,420021;0,021298;;-0,064922;-0,175522;-0,1106
23281;223,420021;;223,420021;223,506241;0,08622;;-0,175522;0,261563;0,437085
23282;223,506241;;223,506241;223,767983;0,261742;;0,261563;-0,002686;-0,264249
23283;223,767983;;223,767983;223,768162;0,000179;;-0,002686;0,002618;0,005304
23284;223,768162;;223,768162;223,771027;0,002865;;0,002618;0,000247;-0,002371
23285;223,771027;;223,771027;223,771274;0,000247;;0,000247;0;-0,000247
23286;223,771274;;223,771274;223,771274;0;;0;-0,041988;-0,041988
23287;223,771274;;223,771274;223,771274;0;;-0,041988;0,041843;0,083831
23288;223,771274;;223,771274;223,813262;0,041988;;0,041843;0,000105;-0,041738
23289;223,813262;;223,813262;223,813407;0,000145;;0,000105;-0,006795;-0,0069
23290;223,813407;;223,813407;223,813447;4E-05;;-0,006795;-0,009133;-0,002338
23291;223,813447;;223,813447;223,820282;0,006835;;-0,009133;0,015833;0,024966
23292;223,820282;;223,820282;223,83625;0,015968;;0,015833;-0,001455;-0,017288
23293;223,83625;;223,83625;223,836385;0,000135;;-0,001455;-0,044346;-0,042891
23294;223,836385;;223,836385;223,837975;0,00159;;-0,044346;-0,07413;-0,029784
23295;223,837975;;223,837975;223,883911;0,045936;;-0,07413;0,067993;0,142123
23296;223,883911;;223,883911;224,003977;0,120066;;0,067993;0,051775;-0,016218
23299;224,003977;;224,003977;224,05605;0,052073;;0,051775;-0,000596;-0,052371
23300;224,05605;;224,05605;224,056348;0,000298;;-0,000596;-0,024774;-0,024178
23301;224,056348;;224,056348;224,057242;0,000894;;-0,024774;0,025496;0,05027
23302;224,057242;;224,057242;224,08291;0,025668;;0,025496;-0,002133;-0,027629
23303;224,08291;;224,08291;224,083082;0,000172;;-0,002133;0,002125;0,004258
23304;224,083082;;224,083082;224,085387;0,002305;;0,002125;-0,031976;-0,034101
23305;224,085387;;224,085387;224,085567;0,00018;;-0,031976;0,029897;0,061873
23306;224,085567;;224,085567;224,117723;0,032156;;0,029897;0,002106;-0,027791
23307;224,117723;;224,117723;224,119982;0,002259;;0,002106;0,000109;-0,001997
23308;224,119982;;224,119982;224,120135;0,000153;;0,000109;-0,000609;-0,000718
23309;224,120135;;224,120135;224,120179;4,4E-05;;-0,000609;0,000562;0,001171
23310;224,120179;;224,120179;224,120832;0,000653;;0,000562;-0,000133;-0,000695
23311;224,120832;;224,120832;224,120923;9,1E-05;;-0,000133;0,000153;0,000286
23312;224,120923;;224,120923;224,121147;0,000224;;0,000153;-0,077074;-0,077227
23313;224,121147;;224,121147;224,121218;7,1E-05;;-0,077074;0,030932;0,108006
23314;224,121218;;224,121218;224,198363;0,077145;;0,030932;-0,021301;-0,052233
23315;224,198363;;224,198363;224,244576;0,046213;;-0,021301;-0,109761;-0,08846
23316;224,244576;;224,244576;224,31209;0,067514;;-0,109761;0,176992;0,286753
23317;224,31209;;224,31209;224,489365;0,177275;;0,176992;0,000283;-0,176709
23318;224,489365;;224,489365;224,489648;0,000283;;0,000283;-6,4E-05;-0,000347
23319;224,489648;;224,489648;224,489648;0;;-6,4E-05;-0,050366;-0,050302
23320;224,489648;;224,489648;224,489712;6,4E-05;;-0,050366;0,04977;0,100136
23321;224,489712;;224,489712;224,540142;0,05043;;0,04977;0,000469;-0,049301
23322;224,540142;;224,540142;224,540802;0,00066;;0,000469;-0,059012;-0,059481
23323;224,540802;;224,540802;224,540993;0,000191;;-0,059012;0,058803;0,117815
23324;224,540993;;224,540993;224,600196;0,059203;;0,058803;0,0004;-0,058403
23325;224,600196;;224,600196;224,600596;0,0004;;0,0004;0;-0,0004
23326;224,600596;;224,600596;224,600596;0;;0;-0,071309;-0,071309
23327;224,600596;;224,600596;224,600596;0;;-0,071309;0,071193;0,142502
23328;224,600596;;224,600596;224,671905;0,071309;;0,071193;-0,001307;-0,0725
23329;224,671905;;224,671905;224,672021;0,000116;;-0,001307;0,001284;0,002591
23330;224,672021;;224,672021;224,673444;0,001423;;0,001284;0,000139;-0,001145
23331;224,673444;;224,673444;224,673583;0,000139;;0,000139;-0,000766;-0,000905
23332;224,673583;;224,673583;224,673583;0;;-0,000766;0,000766;0,001532
23333;224,673583;;224,673583;224,674349;0,000766;;0,000766;-0,058844;-0,05961
23334;224,674349;;224,674349;224,674349;0;;-0,058844;0,058161;0,117005
23335;224,674349;;224,674349;224,733193;0,058844;;0,058161;-0,018336;-0,076497
23336;224,733193;;224,733193;224,733876;0,000683;;-0,018336;0,019019;0,037355
23337;224,733876;;224,733876;224,752895;0,019019;;0,019019;-0,000198;-0,019217
23338;224,752895;;224,752895;224,752895;0;;-0,000198;-0,004157;-0,003959
23339;224,752895;;224,752895;224,753093;0,000198;;-0,004157;-0,049303;-0,045146
23340;224,753093;;224,753093;224,757448;0,004355;;-0,049303;-0,215767;-0,166464
23341;224,757448;;224,757448;224,811106;0,053658;;-0,215767;0,268078;0,483845
23342;224,811106;;224,811106;225,080531;0,269425;;0,268078;0,001347;-0,266731
23343;225,080531;;225,080531;225,081878;0,001347;;0,001347;-0,000507;-0,001854
23344;225,081878;;225,081878;225,081878;0;;-0,000507;-0,041613;-0,041106
23345;225,081878;;225,081878;225,082385;0,000507;;-0,041613;0,034833;0,076446
23346;225,082385;;225,082385;225,124505;0,04212;;0,034833;0,007169;-0,027664
23347;225,124505;;225,124505;225,131792;0,007287;;0,007169;7,3E-05;-0,007096
23348;225,131792;;225,131792;225,13191;0,000118;;7,3E-05;-0,00878;-0,008853
23349;225,13191;;225,13191;225,131955;4,5E-05;;-0,00878;0,00051;0,00929
23350;225,131955;;225,131955;225,14078;0,008825;;0,00051;0,006541;0,006031
23351;225,14078;;225,14078;225,149095;0,008315;;0,006541;0,001636;-0,004905
23352;225,149095;;225,149095;225,150869;0,001774;;0,001636;3,8E-05;-0,001598
23353;225,150869;;225,150869;225,151007;0,000138;;3,8E-05;2,9E-05;-9E-06
23354;225,151007;;225,151007;225,151107;0,0001;;2,9E-05;4,2E-05;1,3E-05
23355;225,151107;;225,151107;225,151178;7,1E-05;;4,2E-05;-0,002011;-0,002053
23356;225,151178;;225,151178;225,151207;2,9E-05;;-0,002011;-0,041238;-0,039227
23357;225,151207;;225,151207;225,153247;0,00204;;-0,041238;-0,070752;-0,029514
23358;225,153247;;225,153247;225,196525;0,043278;;-0,070752;0,1139;0,184652
23359;225,196525;;225,196525;225,310555;0,11403;;0,1139;5,4E-05;-0,113846
23367;225,310555;;225,310555;225,310685;0,00013;;5,4E-05;-0,064022;-0,064076
23368;225,310685;;225,310685;225,310761;7,6E-05;;-0,064022;0,060009;0,124031
23369;225,310761;;225,310761;225,374859;0,064098;;0,060009;-0,00678;-0,066789
23371;225,374859;;225,374859;225,378948;0,004089;;-0,00678;0,010534;0,017314
23372;225,378948;;225,378948;225,389817;0,010869;;0,010534;-0,000901;-0,011435
23373;225,389817;;225,389817;225,390152;0,000335;;-0,000901;0,001167;0,002068
23374;225,390152;;225,390152;225,391388;0,001236;;0,001167;-0,001666;-0,002833
23375;225,391388;;225,391388;225,391457;6,9E-05;;-0,001666;0,001735;0,003401
23376;225,391457;;225,391457;225,393192;0,001735;;0,001735;0;-0,001735
23377;225,393192;;225,393192;225,393192;0;;0;0;0
23378;225,393192;;225,393192;225,393192;0;;0;0;0
23379;225,393192;;225,393192;225,393192;0;;0;0;0
23380;225,393192;;225,393192;225,393192;0;;0;0;0
23381;225,393192;;225,393192;225,393192;0;;0;0;0
23382;225,393192;;225,393192;225,393192;0;;0;-0,000111;-0,000111
23383;225,393192;;225,393192;225,393192;0;;-0,000111;4,7E-05;0,000158
23384;225,393192;;225,393192;225,393303;0,000111;;4,7E-05;-0,005887;-0,005934
23385;225,393303;;225,393303;225,393367;6,4E-05;;-0,005887;-0,012438;-0,006551
23386;225,393367;;225,393367;225,399318;0,005951;;-0,012438;-0,005724;0,006714
23387;225,399318;;225,399318;225,417707;0,018389;;-0,005724;0,02373;0,029454
23388;225,417707;;225,417707;225,44182;0,024113;;0,02373;0,000383;-0,023347
23389;225,44182;;225,44182;225,442203;0,000383;;0,000383;0;-0,000383
23390;225,442203;;225,442203;225,442203;0;;0;0;0
23391;225,442203;;225,442203;225,442203;0;;0;0;0
23392;225,442203;;225,442203;225,442203;0;;0;0;0
23393;225,442203;;225,442203;225,442203;0;;0;-0,006979;-0,006979
23394;225,442203;;225,442203;225,442203;0;;-0,006979;-0,046452;-0,039473
23395;225,442203;;225,442203;225,449182;0,006979;;-0,046452;0,053296;0,099748
23396;225,449182;;225,449182;225,502613;0,053431;;0,053296;-0,002059;-0,055355
23397;225,502613;;225,502613;225,502748;0,000135;;-0,002059;0,001782;0,003841
23398;225,502748;;225,502748;225,504942;0,002194;;0,001782;0,000168;-0,001614
23399;225,504942;;225,504942;225,505354;0,000412;;0,000168;-0,0829;-0,083068
23400;225,505354;;225,505354;225,505598;0,000244;;-0,0829;0,081154;0,164054
23401;225,505598;;225,505598;225,588742;0,083144;;0,081154;0,001907;-0,079247
23402;225,588742;;225,588742;225,590732;0,00199;;0,001907;-0,000468;-0,002375
23403;225,590732;;225,590732;225,590815;8,3E-05;;-0,000468;0,00046;0,000928
23404;225,590815;;225,590815;225,591366;0,000551;;0,00046;-0,065778;-0,066238
23405;225,591366;;225,591366;225,591457;9,1E-05;;-0,065778;0,065702;0,13148
23406;225,591457;;225,591457;225,657326;0,065869;;0,065702;-0,02815;-0,093852
23407;225,657326;;225,657326;225,657493;0,000167;;-0,02815;-0,022994;0,005156
23408;225,657493;;225,657493;225,68581;0,028317;;-0,022994;0,05113;0,074124
23409;225,68581;;225,68581;225,737121;0,051311;;0,05113;0,000181;-0,050949
23410;225,737121;;225,737121;225,737302;0,000181;;0,000181;-6,1E-05;-0,000242
23411;225,737302;;225,737302;225,737302;0;;-6,1E-05;-0,023137;-0,023076
23412;225,737302;;225,737302;225,737363;6,1E-05;;-0,023137;0,023198;0,046335
23413;225,737363;;225,737363;225,760561;0,023198;;0,023198;-0,00016;-0,023358
23414;225,760561;;225,760561;225,760561;0;;-0,00016;-0,329157;-0,328997
23415;225,760561;;225,760561;225,760721;0,00016;;-0,329157;0,328927;0,658084
23416;225,760721;;225,760721;226,090038;0,329317;;0,328927;-0,055985;-0,384912
23417;226,090038;;226,090038;226,090428;0,00039;;-0,055985;0,049294;0,105279
23418;226,090428;;226,090428;226,146803;0,056375;;0,049294;-0,226078;-0,275372
23419;226,146803;;226,146803;226,153884;0,007081;;-0,226078;0,231548;0,457626
23420;226,153884;;226,153884;226,387043;0,233159;;0,231548;0,001611;-0,229937
23421;226,387043;;226,387043;226,388654;0,001611;;0,001611;0;-0,001611
23422;226,388654;;226,388654;226,388654;0;;0;0;0
23423;226,388654;;226,388654;226,388654;0;;0;-0,0002;-0,0002
23424;226,388654;;226,388654;226,388654;0;;-0,0002;-0,000697;-0,000497
23425;226,388654;;226,388654;226,388854;0,0002;;-0,000697;0,000897;0,001594
23426;226,388854;;226,388854;226,389751;0,000897;;0,000897;0;-0,000897
23427;226,389751;;226,389751;226,389751;0;;0;-0,00018;-0,00018
23428;226,389751;;226,389751;226,389751;0;;-0,00018;-0,059078;-0,058898
23429;226,389751;;226,389751;226,389931;0,00018;;-0,059078;0,001944;0,061022
23430;226,389931;;226,389931;226,449189;0,059258;;0,001944;-0,21116;-0,213104
23431;226,449189;;226,449189;226,506503;0,057314;;-0,21116;0,268349;0,479509
23432;226,506503;;226,506503;226,774977;0,268474;;0,268349;-0,224891;-0,49324
23433;226,774977;;226,774977;226,775102;0,000125;;-0,224891;0,150109;0,375
23434;226,775102;;226,775102;227,000118;0,225016;;0,150109;0,074679;-0,07543
23437;227,000118;;227,000118;227,075025;0,074907;;0,074679;-0,000303;-0,074982
23438;227,075025;;227,075025;227,075253;0,000228;;-0,000303;-0,055875;-0,055572
23439;227,075253;;227,075253;227,075784;0,000531;;-0,055875;-0,313079;-0,257204
23440;227,075784;;227,075784;227,13219;0,056406;;-0,313079;0,369059;0,682138
23441;227,13219;;227,13219;227,501675;0,369485;;0,369059;0,000426;-0,368633
23442;227,501675;;227,501675;227,502101;0,000426;;0,000426;-0,025922;-0,026348
23443;227,502101;;227,502101;227,502101;0;;-0,025922;0,025535;0,051457
23444;227,502101;;227,502101;227,528023;0,025922;;0,025535;0,000306;-0,025229
23445;227,528023;;227,528023;227,52841;0,000387;;0,000306;-0,005136;-0,005442
23446;227,52841;;227,52841;227,528491;8,1E-05;;-0,005136;-0,042042;-0,036906
23447;227,528491;;227,528491;227,533708;0,005217;;-0,042042;0,046959;0,089001
23448;227,533708;;227,533708;227,580967;0,047259;;0,046959;-0,01261;-0,059569
23449;227,580967;;227,580967;227,581267;0,0003;;-0,01261;-0,062897;-0,050287
23450;227,581267;;227,581267;227,594177;0,01291;;-0,062897;0,02196;0,084857
23451;227,594177;;227,594177;227,669984;0,075807;;0,02196;-0,020392;-0,042352
23452;227,669984;;227,669984;227,723831;0,053847;;-0,020392;0,0731;0,093492
23453;227,723831;;227,723831;227,79807;0,074239;;0,0731;0,000771;-0,072329
23454;227,79807;;227,79807;227,799209;0,001139;;0,000771;0,000254;-0,000517
23455;227,799209;;227,799209;227,799577;0,000368;;0,000254;9,2E-05;-0,000162
23456;227,799577;;227,799577;227,799691;0,000114;;9,2E-05;-1,3E-05;-0,000105
23457;227,799691;;227,799691;227,799713;2,2E-05;;-1,3E-05;3,5E-05;4,8E-05
23458;227,799713;;227,799713;227,799748;3,5E-05;;3,5E-05;0;-3,5E-05
23459;227,799748;;227,799748;227,799748;0;;0;-0,019053;-0,019053
23460;227,799748;;227,799748;227,799748;0;;-0,019053;0,018905;0,037958
23461;227,799748;;227,799748;227,818801;0,019053;;0,018905;-0,022836;-0,041741
23462;227,818801;;227,818801;227,818949;0,000148;;-0,022836;-0,02013;0,002706
23463;227,818949;;227,818949;227,841933;0,022984;;-0,02013;0,042945;0,063075
23464;227,841933;;227,841933;227,885047;0,043114;;0,042945;0,000169;-0,042776
23465;227,885047;;227,885047;227,885216;0,000169;;0,000169;-0,000156;-0,000325
23466;227,885216;;227,885216;227,885216;0;;-0,000156;-0,199668;-0,199512
23467;227,885216;;227,885216;227,885372;0,000156;;-0,199668;0,199718;0,399386
23468;227,885372;;227,885372;228,085196;0,199824;;0,199718;-0,057561;-0,257279
23470;228,085196;;228,085196;228,085302;0,000106;;-0,057561;-0,044594;0,012967
23471;228,085302;;228,085302;228,142969;0,057667;;-0,044594;0,102;0,146594
23473;228,142969;;228,142969;228,24523;0,102261;;0,102;-0,000437;-0,102437
23474;228,24523;;228,24523;228,245491;0,000261;;-0,000437;-0,054432;-0,053995
23475;228,245491;;228,245491;228,246189;0,000698;;-0,054432;-0,256985;-0,202553
23476;228,246189;;228,246189;228,301319;0,05513;;-0,256985;0,251113;0,508098
23477;228,301319;;228,301319;228,613434;0,312115;;0,251113;0,061002;-0,190111
23478;228,613434;;228,613434;228,674436;0,061002;;0,061002;-0,000212;-0,061214
23479;228,674436;;228,674436;228,674436;0;;-0,000212;-0,295917;-0,295705
23480;228,674436;;228,674436;228,674648;0,000212;;-0,295917;0,296129;0,592046
23481;228,674648;;228,674648;228,970777;0,296129;;0,296129;-0,000181;-0,29631
23482;228,970777;;228,970777;228,970777;0;;-0,000181;-0,003673;-0,003492
23483;228,970777;;228,970777;228,970958;0,000181;;-0,003673;-0,099356;-0,095683
23484;228,970958;;228,970958;228,974812;0,003854;;-0,099356;0,103073;0,202429
23485;228,974812;;228,974812;229,078022;0,10321;;0,103073;-0,032533;-0,135606
23486;229,078022;;229,078022;229,078159;0,000137;;-0,032533;0,013798;0,046331
23487;229,078159;;229,078159;229,110829;0,03267;;0,013798;0,018729;0,004931
23488;229,110829;;229,110829;229,129701;0,018872;;0,018729;-0,116335;-0,135064
23489;229,129701;;229,129701;229,129844;0,000143;;-0,116335;0,116324;0,232659
23490;229,129844;;229,129844;229,246322;0,116478;;0,116324;-0,05227;-0,168594
23491;229,246322;;229,246322;229,246476;0,000154;;-0,05227;0,051381;0,103651
23492;229,246476;;229,246476;229,2989;0,052424;;0,051381;0,001043;-0,050338
23493;229,2989;;229,2989;229,299943;0,001043;;0,001043;-0,000244;-0,001287
23494;229,299943;;229,299943;229,299943;0;;-0,000244;-0,063869;-0,063625
23495;229,299943;;229,299943;229,300187;0,000244;;-0,063869;0,064113;0,127982
23496;229,300187;;229,300187;229,3643;0,064113;;0,064113;-0,251827;-0,31594
23499;229,3643;;229,3643;229,3643;0;;-0,251827;0,248526;0,500353
23500;229,3643;;229,3643;229,616127;0,251827;;0,248526;-0,041166;-0,289692
23501;229,616127;;229,616127;229,619428;0,003301;;-0,041166;-0,158098;-0,116932
23502;229,619428;;229,619428;229,663895;0,044467;;-0,158098;0,202381;0,360479
23503;229,663895;;229,663895;229,86646;0,202565;;0,202381;-2,458553;-2,660934
23504;229,86646;;229,86646;229,866644;0,000184;;-2,458553;2,398154;4,856707
23505;229,866644;;229,866644;232,325381;2,458737;;2,398154;-2,713858;-5,112012
23506;232,325381;;232,325381;232,385964;0,060583;;-2,713858;2,771787;5,485645
23507;232,385964;;232,385964;235,160405;2,774441;;2,771787;0,002654;-2,769133
23508;235,160405;;235,160405;235,163059;0,002654;;0,002654;0;-0,002654
23509;235,163059;;235,163059;235,163059;0;;0;0;0
23510;235,163059;;235,163059;235,163059;0;;0;0;0
23511;235,163059;;235,163059;235,163059;0;;0;0;0
23512;235,163059;;235,163059;235,163059;0;;0;-0,098785;-0,098785
23513;235,163059;;235,163059;235,163059;0;;-0,098785;0,094828;0,193613
23514;235,163059;;235,163059;235,261844;0,098785;;0,094828;0,00389;-0,090938
23515;235,261844;;235,261844;235,265801;0,003957;;0,00389;6,7E-05;-0,003823
23516;235,265801;;235,265801;235,265868;6,7E-05;;6,7E-05;0;-6,7E-05
23517;235,265868;;235,265868;235,265868;0;;0;0;0
23518;235,265868;;235,265868;235,265868;0;;0;-0,005923;-0,005923
23519;235,265868;;235,265868;235,265868;0;;-0,005923;-0,028106;-0,022183
23520;235,265868;;235,265868;235,271791;0,005923;;-0,028106;0,018993;0,047099
23521;235,271791;;235,271791;235,30582;0,034029;;0,018993;-0,086003;-0,104996
23522;235,30582;;235,30582;235,320856;0,015036;;-0,086003;0,05918;0,145183
23523;235,320856;;235,320856;235,421895;0,101039;;0,05918;-0,77305;-0,83223
23524;235,421895;;235,421895;235,463754;0,041859;;-0,77305;0,813234;1,586284
23525;235,463754;;235,463754;236,278663;0,814909;;0,813234;0,001675;-0,811559
23526;236,278663;;236,278663;236,280338;0,001675;;0,001675;0;-0,001675
23527;236,280338;;236,280338;236,280338;0;;0;0;0
23528;236,280338;;236,280338;236,280338;0;;0;0;0
23529;236,280338;;236,280338;236,280338;0;;0;0;0
23530;236,280338;;236,280338;236,280338;0;;0;-0,000123;-0,000123
23531;236,280338;;236,280338;236,280338;0;;-0,000123;-4,349986;-4,349863
23532;236,280338;;236,280338;236,280461;0,000123;;-4,349986;4,286085;8,636071
23533;236,280461;;236,280461;240,63057;4,350109;;4,286085;-0,158008;-4,444093
23534;240,63057;;240,63057;240,694594;0,064024;;-0,158008;0,154289;0,312297
23535;240,694594;;240,694594;240,916626;0,222032;;0,154289;-0,030764;-0,185053
23536;240,916626;;240,916626;240,984369;0,067743;;-0,030764;0,057711;0,088475
23537;240,984369;;240,984369;241,082876;0,098507;;0,057711;-0,32631;-0,384021
23538;241,082876;;241,082876;241,123672;0,040796;;-0,32631;0,236441;0,562751
23539;241,123672;;241,123672;241,490778;0,367106;;0,236441;-4,388029;-4,62447
23541;241,490778;;241,490778;241,621443;0,130665;;-4,388029;4,390025;8,778054
23542;241,621443;;241,621443;246,140137;4,518694;;4,390025;-0,058142;-4,448167
23543;246,140137;;246,140137;246,268806;0,128669;;-0,058142;0,186697;0,244839
23544;246,268806;;246,268806;246,455617;0,186811;;0,186697;-1,38198;-1,568677
23545;246,455617;;246,455617;246,455731;0,000114;;-1,38198;1,324043;2,706023
23546;246,455731;;246,455731;247,837825;1,382094;;1,324043;0,05777;-1,266273
23549;247,837825;;247,837825;247,895876;0,058051;;0,05777;-0,000376;-0,058146
23550;247,895876;;247,895876;247,896157;0,000281;;-0,000376;-0,055367;-0,054991
23551;247,896157;;247,896157;247,896814;0,000657;;-0,055367;-0,557756;-0,502389
23552;247,896814;;247,896814;247,952838;0,056024;;-0,557756;0,612387;1,170143
23553;247,952838;;247,952838;248,566618;0,61378;;0,612387;0,001226;-0,611161
23554;248,566618;;248,566618;248,568011;0,001393;;0,001226;-0,240729;-0,241955
23555;248,568011;;248,568011;248,568178;0,000167;;-0,240729;0,240697;0,481426
23556;248,568178;;248,568178;248,809074;0,240896;;0,240697;0,000134;-0,240563
23557;248,809074;;248,809074;248,809273;0,000199;;0,000134;-0,003357;-0,003491
23558;248,809273;;248,809273;248,809338;6,5E-05;;-0,003357;-0,048274;-0,044917
23559;248,809338;;248,809338;248,81276;0,003422;;-0,048274;-0,028225;0,020049
23560;248,81276;;248,81276;248,864456;0,051696;;-0,028225;0,005456;0,033681
23562;248,864456;;248,864456;248,944377;0,079921;;0,005456;0,074239;0,068783
23564;248,944377;;248,944377;249,018842;0,074465;;0,074239;-0,00041;-0,074649
23565;249,018842;;249,018842;249,019068;0,000226;;-0,00041;-0,060495;-0,060085
23566;249,019068;;249,019068;249,019704;0,000636;;-0,060495;0,052434;0,112929
23567;249,019704;;249,019704;249,080835;0,061131;;0,052434;-0,024173;-0,076607
23568;249,080835;;249,080835;249,089532;0,008697;;-0,024173;0,03287;0,057043
23569;249,089532;;249,089532;249,122402;0,03287;;0,03287;0;-0,03287
23570;249,122402;;249,122402;249,122402;0;;0;-0,000167;-0,000167
23571;249,122402;;249,122402;249,122402;0;;-0,000167;-0,001155;-0,000988
23572;249,122402;;249,122402;249,122569;0,000167;;-0,001155;0,001096;0,002251
23573;249,122569;;249,122569;249,123891;0,001322;;0,001096;-2,7E-05;-0,001123
23574;249,123891;;249,123891;249,124117;0,000226;;-2,7E-05;-0,01073;-0,010703
23575;249,124117;;249,124117;249,12437;0,000253;;-0,01073;0,009721;0,020451
23576;249,12437;;249,12437;249,135353;0,010983;;0,009721;0,001262;-0,008459
23577;249,135353;;249,135353;249,136615;0,001262;;0,001262;-0,000588;-0,00185
23578;249,136615;;249,136615;249,136615;0;;-0,000588;-0,052462;-0,051874
23579;249,136615;;249,136615;249,137203;0,000588;;-0,052462;0,052787;0,105249
23580;249,137203;;249,137203;249,190253;0,05305;;0,052787;-0,000769;-0,053556
23581;249,190253;;249,190253;249,190516;0,000263;;-0,000769;0,000968;0,001737
23582;249,190516;;249,190516;249,191548;0,001032;;0,000968;-0,020158;-0,021126
23583;249,191548;;249,191548;249,191612;6,4E-05;;-0,020158;0,020049;0,040207
23584;249,191612;;249,191612;249,211834;0,020222;;0,020049;0,000128;-0,019921
23585;249,211834;;249,211834;249,212007;0,000173;;0,000128;-0,000284;-0,000412
23586;249,212007;;249,212007;249,212052;4,5E-05;;-0,000284;-0,006263;-0,005979
23587;249,212052;;249,212052;249,212381;0,000329;;-0,006263;-0,005094;0,001169
23588;249,212381;;249,212381;249,218973;0,006592;;-0,005094;-0,021308;-0,016214
23589;249,218973;;249,218973;249,230659;0,011686;;-0,021308;0,017718;0,039026
23590;249,230659;;249,230659;249,263653;0,032994;;0,017718;0,015096;-0,002622
23591;249,263653;;249,263653;249,278929;0,015276;;0,015096;0,00018;-0,014916
23592;249,278929;;249,278929;249,279109;0,00018;;0,00018;-6,1E-05;-0,000241
23593;249,279109;;249,279109;249,279109;0;;-6,1E-05;-0,000565;-0,000504
23594;249,279109;;249,279109;249,27917;6,1E-05;;-0,000565;-0,04443;-0,043865
23595;249,27917;;249,27917;249,279796;0,000626;;-0,04443;-0,630326;-0,585896
23596;249,279796;;249,279796;249,324852;0,045056;;-0,630326;0,670286;1,300612
23597;249,324852;;249,324852;250,000234;0,675382;;0,670286;-0,054422;-0,724708
23598;250,000234;;250,000234;250,00533;0,005096;;-0,054422;-0,283924;-0,229502
23599;250,00533;;250,00533;250,064848;0,059518;;-0,283924;0,343273;0,627197
23600;250,064848;;250,064848;250,40829;0,343442;;0,343273;-4,71241;-5,055683
23601;250,40829;;250,40829;250,408459;0,000169;;-4,71241;4,665537;9,377947
23602;250,408459;;250,408459;255,121038;4,712579;;4,665537;-0,145612;-4,811149
23605;255,121038;;255,121038;255,16808;0,047042;;-0,145612;0,166662;0,312274
23606;255,16808;;255,16808;255,360734;0,192654;;0,166662;0,010688;-0,155974
23621;255,360734;;255,360734;255,386726;0,025992;;0,010688;-0,013637;-0,024325
23631;255,386726;;255,386726;255,40203;0,015304;;-0,013637;-0,044644;-0,031007
23634;255,40203;;255,40203;255,430971;0,028941;;-0,044644;0,019105;0,063749
23635;255,430971;;255,430971;255,504556;0,073585;;0,019105;-2,634426;-2,653531
23645;255,504556;;255,504556;255,559036;0,05448;;-2,634426;2,622847;5,257273
23647;255,559036;;255,559036;258,247942;2,688906;;2,622847;-0,290274;-2,913121
23648;258,247942;;258,247942;258,314001;0,066059;;-0,290274;0,295006;0,58528
23649;258,314001;;258,314001;258,670334;0,356333;;0,295006;-0,006889;-0,301895
23650;258,670334;;258,670334;258,731661;0,061327;;-0,006889;0,025804;0,032693
23651;258,731661;;258,731661;258,799877;0,068216;;0,025804;-1,347819;-1,373623
23652;258,799877;;258,799877;258,842289;0,042412;;-1,347819;1,383682;2,731501
23653;258,842289;;258,842289;260,23252;1,390231;;1,383682;0,006549;-1,377133
23664;260,23252;;260,23252;260,239069;0,006549;;0,006549;-0,000176;-0,006725
23665;260,239069;;260,239069;260,239069;0;;-0,000176;-0,072293;-0,072117
23666;260,239069;;260,239069;260,239245;0,000176;;-0,072293;0,02131;0,093603
23667;260,239245;;260,239245;260,311714;0,072469;;0,02131;0,050988;0,029678
23668;260,311714;;260,311714;260,362873;0,051159;;0,050988;0,000122;-0,050866
23669;260,362873;;260,362873;260,363044;0,000171;;0,000122;-10,332393;-10,332515
23670;260,363044;;260,363044;260,363093;4,9E-05;;-10,332393;10,262628;20,595021
23671;260,363093;;260,363093;270,695535;10,332442;;10,262628;-6,56113;-16,823758
23672;270,695535;;270,695535;270,765349;0,069814;;-6,56113;6,559683;13,120813
23673;270,765349;;270,765349;277,396293;6,630944;;6,559683;-2,929329;-9,489012
23698;277,396293;;277,396293;277,467554;0,071261;;-2,929329;2,942475;5,871804
23699;277,467554;;277,467554;280,468144;3,00059;;2,942475;-4,925989;-7,868464
23700;280,468144;;280,468144;280,526259;0,058115;;-4,925989;4,912571;9,83856
23701;280,526259;;280,526259;285,510363;4,984104;;4,912571;-0,0121;-4,924671
23723;285,510363;;285,510363;285,581896;0,071533;;-0,0121;0,053193;0,065293
23724;285,581896;;285,581896;285,665529;0,083633;;0,053193;0,014248;-0,038945
23725;285,665529;;285,665529;285,695969;0,03044;;0,014248;-0,016393;-0,030641
23726;285,695969;;285,695969;285,712161;0,016192;;-0,016393;-3,92887;-3,912477
23727;285,712161;;285,712161;285,744746;0,032585;;-3,92887;3,904292;7,833162
23728;285,744746;;285,744746;289,706201;3,961455;;3,904292;-0,018862;-3,923154
23729;289,706201;;289,706201;289,763364;0,057163;;-0,018862;0,036031;0,054893
23730;289,763364;;289,763364;289,839389;0,076025;;0,036031;-4,311705;-4,347736
23731;289,839389;;289,839389;289,879383;0,039994;;-4,311705;4,243085;8,55479
23732;289,879383;;289,879383;294,231082;4,351699;;4,243085;0,070744;-4,172341
23733;294,231082;;294,231082;294,339696;0,108614;;0,070744;0,01228;-0,058464
23734;294,339696;;294,339696;294,377566;0,03787;;0,01228;-6,706745;-6,719025
23735;294,377566;;294,377566;294,403156;0,02559;;-6,706745;6,648961;13,355706
23736;294,403156;;294,403156;301,135491;6,732335;;6,648961;0,035268;-6,613693
25316;301,135491;;301,135491;301,218865;0,083374;;0,035268;0,007737;-0,027531
25335;301,218865;;301,218865;301,266971;0,048106;;0,007737;-1,972051;-1,979788
25355;301,266971;;301,266971;301,30734;0,040369;;-1,972051;2,012027;3,984078
25362;301,30734;;301,30734;303,31976;2,01242;;2,012027;-0,047096;-2,059123
25838;303,31976;;303,31976;303,320153;0,000393;;-0,047096;-0,051065;-0,003969
25843;303,320153;;303,320153;303,367642;0,047489;;-0,051065;-1,678269;-1,627204
25852;303,367642;;303,367642;303,466196;0,098554;;-1,678269;1,652759;3,331028
25869;303,466196;;303,466196;305,243019;1,776823;;1,652759;0,073956;-1,578803
26311;305,243019;;305,243019;305,367083;0,124064;;0,073956;0,002864;-0,071092
26332;305,367083;;305,367083;305,417191;0,050108;;0,002864;-2,917573;-2,920437
26334;305,417191;;305,417191;305,464435;0,047244;;-2,917573;2,964817;5,88239
26340;305,464435;;305,464435;308,429252;2,964817;;2,964817;-0,000314;-2,965131
27019;308,429252;;308,429252;308,429252;0;;-0,000314;-7,248213;-7,247899
27020;308,429252;;308,429252;308,429566;0,000314;;-7,248213;7,155394;14,403607
27022;308,429566;;308,429566;315,678093;7,248527;;7,155394;0,035346;-7,120048
28756;315,678093;;315,678093;315,771226;0,093133;;0,035346;-0,033606;-0,068952
28779;315,771226;;315,771226;315,829013;0,057787;;-0,033606;0,091393;0,124999
28797;315,829013;;315,829013;315,920406;0,091393;;0,091393;-0,052266;-0,143659
28815;315,920406;;315,920406;315,920406;0;;-0,052266;-4,646607;-4,594341
28816;315,920406;;315,920406;315,972672;0,052266;;-4,646607;4,535487;9,182094
28823;315,972672;;315,972672;320,671545;4,698873;;4,535487;0,077936;-4,457551
29941;320,671545;;320,671545;320,834931;0,163386;;0,077936;0,037813;-0,040123
29984;320,834931;;320,834931;320,920381;0,08545;;0,037813;-1,463232;-1,501045
30003;320,920381;;320,920381;320,968018;0,047637;;-1,463232;1,324179;2,787411
30018;320,968018;;320,968018;322,478887;1,510869;;1,324179;-2,68791;-4,012089
30357;322,478887;;322,478887;322,665577;0,18669;;-2,68791;2,747405;5,435315
30400;322,665577;;322,665577;325,540177;2,8746;;2,747405;-4,07088;-6,818285
31098;325,540177;;325,540177;325,667372;0,127195;;-4,07088;4,197936;8,268816
31135;325,667372;;325,667372;329,865447;4,198075;;4,197936;6,4E-05;-4,197872
32108;329,865447;;329,865447;329,865586;0,000139;;6,4E-05;7,5E-05;1,1E-05
32109;329,865586;;329,865586;329,865661;7,5E-05;;7,5E-05;-0,203155;-0,20323
32110;329,865661;;329,865661;329,865661;0;;-0,203155;0,186593;0,389748
32111;329,865661;;329,865661;330,068816;0,203155;;0,186593;0,016562;-0,170031
32151;330,068816;;330,068816;330,085378;0,016562;;0,016562;0;-0,016562
32157;330,085378;;330,085378;330,085378;0;;0;-0,045131;-0,045131
32162;330,085378;;330,085378;330,085378;0;;-0,045131;-0,042788;0,002343
32163;330,085378;;330,085378;330,130509;0,045131;;-0,042788;0,083729;0,126517
32180;330,130509;;330,130509;330,218428;0,087919;;0,083729;-0,1905;-0,274229
32198;330,218428;;330,218428;330,222618;0,00419;;-0,1905;-8,775939;-8,585439
32210;330,222618;;330,222618;330,417308;0,19469;;-8,775939;8,9551;17,731039
32247;330,417308;;330,417308;339,387937;8,970629;;8,9551;-0,045037;-9,000137
32899;339,387937;;339,387937;339,403466;0,015529;;-0,045037;0,02166;0,066697
32900;339,403466;;339,403466;339,464032;0,060566;;0,02166;-6,395732;-6,417392
32902;339,464032;;339,464032;339,502938;0,038906;;-6,395732;6,360204;12,755936
32903;339,502938;;339,502938;345,937576;6,434638;;6,360204;0,011293;-6,348911
32906;345,937576;;345,937576;346,01201;0,074434;;0,011293;0,013209;0,001916
32907;346,01201;;346,01201;346,075151;0,063141;;0,013209;-2,298891;-2,3121
32908;346,075151;;346,075151;346,125083;0,049932;;-2,298891;2,291021;4,589912
32909;346,125083;;346,125083;348,473906;2,348823;;2,291021;-1,841531;-4,132552
32910;348,473906;;348,473906;348,531708;0,057802;;-1,841531;1,852399;3,69393
32911;348,531708;;348,531708;350,431041;1,899333;;1,852399;0,002702;-1,849697
32912;350,431041;;350,431041;350,477975;0,046934;;0,002702;0,039246;0,036544
32913;350,477975;;350,477975;350,522207;0,044232;;0,039246;-1,181132;-1,220378
32914;350,522207;;350,522207;350,527193;0,004986;;-1,181132;1,126339;2,307471
32915;350,527193;;350,527193;351,713311;1,186118;;1,126339;-0,01511;-1,141449
32916;351,713311;;351,713311;351,77309;0,059779;;-0,01511;0,049991;0,065101
32917;351,77309;;351,77309;351,847979;0,074889;;0,049991;-0,004733;-0,054724
32918;351,847979;;351,847979;351,872877;0,024898;;-0,004733;0,008193;0,012926
32919;351,872877;;351,872877;351,902508;0,029631;;0,008193;-0,020289;-0,028482
32920;351,902508;;351,902508;351,923946;0,021438;;-0,020289;-0,004172;0,016117
32921;351,923946;;351,923946;351,965673;0,041727;;-0,004172;-1,378428;-1,374256
32922;351,965673;;351,965673;352,011572;0,045899;;-1,378428;1,330853;2,709281
32923;352,011572;;352,011572;353,435899;1,424327;;1,330853;-6,968598;-8,299451
32924;353,435899;;353,435899;353,529373;0,093474;;-6,968598;7,061701;14,030299
32925;353,529373;;353,529373;360,591445;7,062072;;7,061701;-0,00297;-7,064671
32942;360,591445;;360,591445;360,591816;0,000371;;-0,00297;0,003341;0,006311
32943;360,591816;;360,591816;360,595157;0,003341;;0,003341;-0,000155;-0,003496
32944;360,595157;;360,595157;360,595157;0;;-0,000155;-0,055292;-0,055137
32945;360,595157;;360,595157;360,595312;0,000155;;-0,055292;-0,225689;-0,170397
32946;360,595312;;360,595312;360,650759;0,055447;;-0,225689;0,222045;0,447734
32947;360,650759;;360,650759;360,931895;0,281136;;0,222045;-0,051604;-0,273649
32948;360,931895;;360,931895;360,990986;0,059091;;-0,051604;0,061852;0,113456
32949;360,990986;;360,990986;361,101681;0,110695;;0,061852;-6,480934;-6,542786
32950;361,101681;;361,101681;361,150524;0,048843;;-6,480934;6,46415;12,945084
32951;361,150524;;361,150524;367,680301;6,529777;;6,46415;-2,610614;-9,074764
32955;367,680301;;367,680301;367,745928;0,065627;;-2,610614;2,675876;5,28649
32956;367,745928;;367,745928;370,422169;2,676241;;2,675876;-0,00112;-2,676996
32957;370,422169;;370,422169;370,422534;0,000365;;-0,00112;0,001485;0,002605
32958;370,422534;;370,422534;370,424019;0,001485;;0,001485;-0,000209;-0,001694
32959;370,424019;;370,424019;370,424019;0;;-0,000209;-0,039174;-0,038965
32960;370,424019;;370,424019;370,424228;0,000209;;-0,039174;-0,177868;-0,138694
32961;370,424228;;370,424228;370,463611;0,039383;;-0,177868;0,154902;0,33277
32962;370,463611;;370,463611;370,680862;0,217251;;0,154902;-4,617742;-4,772644
32963;370,680862;;370,680862;370,743211;0,062349;;-4,617742;4,619766;9,237508
32964;370,743211;;370,743211;375,423302;4,680091;;4,619766;-0,537703;-5,157469
32965;375,423302;;375,423302;375,483627;0,060325;;-0,537703;0,529843;1,067546
32966;375,483627;;375,483627;376,081655;0,598028;;0,529843;-0,032222;-0,562065
32967;376,081655;;376,081655;376,14984;0,068185;;-0,032222;0,052782;0,085004
32968;376,14984;;376,14984;376,250247;0,100407;;0,052782;-3,027136;-3,079918
32969;376,250247;;376,250247;376,297872;0,047625;;-3,027136;3,074602;6,101738
32970;376,297872;;376,297872;379,372633;3,074761;;3,074602;7,1E-05;-3,074531
32977;379,372633;;379,372633;379,372792;0,000159;;7,1E-05;-0,059976;-0,060047
32978;379,372792;;379,372792;379,37288;8,8E-05;;-0,059976;0,059928;0,119904
32979;379,37288;;379,37288;379,432944;0,060064;;0,059928;-0,190581;-0,250509
32981;379,432944;;379,432944;379,43308;0,000136;;-0,190581;0,184028;0,374609
32982;379,43308;;379,43308;379,623797;0,190717;;0,184028;0,006568;-0,17746
32984;379,623797;;379,623797;379,630486;0,006689;;0,006568;-0,000549;-0,007117
32985;379,630486;;379,630486;379,630607;0,000121;;-0,000549;0,000588;0,001137
32986;379,630607;;379,630607;379,631277;0,00067;;0,000588;-0,097022;-0,09761
32987;379,631277;;379,631277;379,631359;8,2E-05;;-0,097022;-2,857187;-2,760165
32988;379,631359;;379,631359;379,728463;0,097104;;-2,857187;2,886213;5,7434
32989;379,728463;;379,728463;382,682754;2,954291;;2,886213;-0,006724;-2,892937
32990;382,682754;;382,682754;382,750832;0,068078;;-0,006724;0,032112;0,038836
32991;382,750832;;382,750832;382,825634;0,074802;;0,032112;-1,567546;-1,599658
32992;382,825634;;382,825634;382,868324;0,04269;;-1,567546;1,546066;3,113612
32993;382,868324;;382,868324;384,47856;1,610236;;1,546066;-10,92722;-12,473286
33001;384,47856;;384,47856;384,54273;0,06417;;-10,92722;10,991349;21,918569
33002;384,54273;;384,54273;395,53412;10,99139;;10,991349;-0,047904;-11,039253
33013;395,53412;;395,53412;395,534161;4,1E-05;;-0,047904;0,047811;0,095715
33014;395,534161;;395,534161;395,582106;0,047945;;0,047811;-2,954793;-3,002604
33015;395,582106;;395,582106;395,58224;0,000134;;-2,954793;2,817221;5,772014
33016;395,58224;;395,58224;398,537167;2,954927;;2,817221;-7,446816;-10,264037
33017;398,537167;;398,537167;398,674873;0,137706;;-7,446816;7,515089;14,961905
33018;398,674873;;398,674873;406,259395;7,584522;;7,515089;0,004442;-7,510647
33420;406,259395;;406,259395;406,328828;0,069433;;0,004442;0,011488;0,007046
33421;406,328828;;406,328828;406,393819;0,064991;;0,011488;-6,261238;-6,272726
33422;406,393819;;406,393819;406,447322;0,053503;;-6,261238;5,554901;11,816139
33423;406,447322;;406,447322;412,762063;6,314741;;5,554901;0,608945;-4,945956
34616;412,762063;;412,762063;413,521903;0,75984;;0,608945;0,093559;-0,515386
34780;413,521903;;413,521903;413,672798;0,150895;;0,093559;-0,016825;-0,110384
34823;413,672798;;413,672798;413,730134;0,057336;;-0,016825;0,01968;0,036505
34843;413,730134;;413,730134;413,804295;0,074161;;0,01968;-1,835802;-1,855482
34872;413,804295;;413,804295;413,858776;0,054481;;-1,835802;1,513116;3,348918
34880;413,858776;;413,858776;415,749059;1,890283;;1,513116;-3,984944;-5,49806
35442;415,749059;;415,749059;416,126226;0,377167;;-3,984944;4,227687;8,212631
35570;416,126226;;416,126226;420,488337;4,362111;;4,227687;-0,406956;-4,634643
36679;420,488337;;420,488337;420,622761;0,134424;;-0,406956;0,389029;0,795985
36701;420,622761;;420,622761;421,164141;0,54138;;0,389029;0,152351;-0,236678
36858;421,164141;;421,164141;421,316492;0,152351;;0,152351;-0,049317;-0,201668
36878;421,316492;;421,316492;421,316492;0;;-0,049317;-3,319007;-3,26969
36879;421,316492;;421,316492;421,365809;0,049317;;-3,319007;3,280762;6,599769
36883;421,365809;;421,365809;424,734133;3,368324;;3,280762;-4,6468;-7,927562
37722;424,734133;;424,734133;424,821695;0,087562;;-4,6468;4,464808;9,111608
37741;424,821695;;424,821695;429,556057;4,734362;;4,464808;-6,309185;-10,773993
38958;429,556057;;429,556057;429,825611;0,269554;;-6,309185;6,366129;12,675314
39022;429,825611;;429,825611;436,40435;6,578739;;6,366129;0,101887;-6,264242
40579;436,40435;;436,40435;436,61696;0,21261;;0,101887;0,060609;-0,041278
40627;436,61696;;436,61696;436,727683;0,110723;;0,060609;-3,757088;-3,817697
40653;436,727683;;436,727683;436,777797;0,050114;;-3,757088;3,807182;7,56427
40680;436,777797;;436,777797;440,584999;3,807202;;3,807182;-0,179429;-3,986611
41578;440,584999;;440,584999;440,585019;2E-05;;-0,179429;0,179449;0,358878
41579;440,585019;;440,585019;440,764468;0,179449;;0,179449;-2,202648;-2,382097
41624;440,764468;;440,764468;440,764468;0;;-2,202648;2,202558;4,405206
41625;440,764468;;440,764468;442,967116;2,202648;;2,202558;4,8E-05;-2,20251
42171;442,967116;;442,967116;442,967206;9E-05;;4,8E-05;-0,063194;-0,063242
42172;442,967206;;442,967206;442,967248;4,2E-05;;-0,063194;-0,136231;-0,073037
42173;442,967248;;442,967248;443,030484;0,063236;;-0,136231;0,198946;0,335177
42182;443,030484;;443,030484;443,229951;0,199467;;0,198946;0,000458;-0,198488
42222;443,229951;;443,229951;443,230472;0,000521;;0,000458;-0,000476;-0,000934
42223;443,230472;;443,230472;443,230535;6,3E-05;;-0,000476;0,000453;0,000929
42224;443,230535;;443,230535;443,231074;0,000539;;0,000453;-0,062814;-0,063267
42225;443,231074;;443,231074;443,23116;8,6E-05;;-0,062814;-0,134486;-0,071672
42226;443,23116;;443,23116;443,29406;0,0629;;-0,134486;0,196916;0,331402
42246;443,29406;;443,29406;443,491446;0,197386;;0,196916;0,000413;-0,196503
42311;443,491446;;443,491446;443,491916;0,00047;;0,000413;-0,086343;-0,086756
42312;443,491916;;443,491916;443,491973;5,7E-05;;-0,086343;-0,00218;0,084163
42313;443,491973;;443,491973;443,578373;0,0864;;-0,00218;0,0654;0,06758
42350;443,578373;;443,578373;443,666953;0,08858;;0,0654;-0,008317;-0,073717
42357;443,666953;;443,666953;443,690133;0,02318;;-0,008317;0,029044;0,037361
42367;443,690133;;443,690133;443,72163;0,031497;;0,029044;0,002279;-0,026765
42377;443,72163;;443,72163;443,724083;0,002453;;0,002279;0,000174;-0,002105
42381;443,724083;;443,724083;443,724257;0,000174;;0,000174;0;-0,000174
42383;443,724257;;443,724257;443,724257;0;;0;-0,000105;-0,000105
42384;443,724257;;443,724257;443,724257;0;;-0,000105;-0,001464;-0,001359
42385;443,724257;;443,724257;443,724362;0,000105;;-0,001464;-0,140296;-0,138832
42389;443,724362;;443,724362;443,725931;0,001569;;-0,140296;0,093497;0,233793
42393;443,725931;;443,725931;443,867796;0,141865;;0,093497;-0,725092;-0,818589
42428;443,867796;;443,867796;443,916164;0,048368;;-0,725092;0,698158;1,42325
42439;443,916164;;443,916164;444,689624;0,77346;;0,698158;-0,026013;-0,724171
42665;444,689624;;444,689624;444,764926;0,075302;;-0,026013;0,046825;0,072838
42689;444,764926;;444,764926;444,866241;0,101315;;0,046825;-13,553314;-13,600139
42717;444,866241;;444,866241;444,920731;0,05449;;-13,553314;13,41413;26,967444
42725;444,920731;;444,920731;458,528535;13,607804;;13,41413;-1,578143;-14,992273
46290;458,528535;;458,528535;458,722209;0,193674;;-1,578143;1,771434;3,349577
46334;458,722209;;458,722209;460,494026;1,771817;;1,771434;0,000276;-1,771158
46748;460,494026;;460,494026;460,494409;0,000383;;0,000276;-0,135297;-0,135573
46749;460,494409;;460,494409;460,494516;0,000107;;-0,135297;0,132652;0,267949
46750;460,494516;;460,494516;460,62992;0,135404;;0,132652;0,002752;-0,1299
46782;460,62992;;460,62992;460,632672;0,002752;;0,002752;-0,045398;-0,04815
46788;460,632672;;460,632672;460,632672;0;;-0,045398;0,00485;0,050248
46793;460,632672;;460,632672;460,67807;0,045398;;0,00485;0,040548;0,035698
46800;460,67807;;460,67807;460,718618;0,040548;;0,040548;0;-0,040548
46809;460,718618;;460,718618;460,718618;0;;0;-0,000135;-0,000135
46810;460,718618;;460,718618;460,718618;0;;-0,000135;-0,001604;-0,001469
46811;460,718618;;460,718618;460,718753;0,000135;;-0,001604;-0,14396;-0,142356
46812;460,718753;;460,718753;460,720492;0,001739;;-0,14396;-0,116468;0,027492
46818;460,720492;;460,720492;460,866191;0,145699;;-0,116468;0,124037;0,240505
46855;460,866191;;460,866191;461,128358;0,262167;;0,124037;-5,335948;-5,459985
46921;461,128358;;461,128358;461,266488;0,13813;;-5,335948;5,349923;10,685871
46950;461,266488;;461,266488;466,740566;5,474078;;5,349923;0,017766;-5,332157
48195;466,740566;;466,740566;466,864721;0,124155;;0,017766;0,056149;0,038383
48214;466,864721;;466,864721;466,97111;0,106389;;0,056149;-7,766059;-7,822208
48234;466,97111;;466,97111;467,02135;0,05024;;-7,766059;7,57813;15,344189
48249;467,02135;;467,02135;474,837649;7,816299;;7,57813;-0,347382;-7,925512
50135;474,837649;;474,837649;475,075818;0,238169;;-0,347382;0,398812;0,746194
50177;475,075818;;475,075818;475,661369;0,585551;;0,398812;0,114954;-0,283858
50318;475,661369;;475,661369;475,848108;0,186739;;0,114954;0,018298;-0,096656
50376;475,848108;;475,848108;475,919893;0,071785;;0,018298;-5,296415;-5,314713
50397;475,919893;;475,919893;475,97338;0,053487;;-5,296415;5,295578;10,591993
50409;475,97338;;475,97338;481,323282;5,349902;;5,295578;-2,344856;-7,640434
51704;481,323282;;481,323282;481,377606;0,054324;;-2,344856;2,345865;4,690721
51727;481,377606;;481,377606;483,776786;2,39918;;2,345865;-1,885639;-4,231504
52275;483,776786;;483,776786;483,830101;0,053315;;-1,885639;1,938693;3,824332
52281;483,830101;;483,830101;485,769055;1,938954;;1,938693;-0,264711;-2,203404
52740;485,769055;;485,769055;485,769316;0,000261;;-0,264711;0,264188;0,528899
52741;485,769316;;485,769316;486,034288;0,264972;;0,264188;-2,259665;-2,523853
52790;486,034288;;486,034288;486,035072;0,000784;;-2,259665;2,142455;4,40212
52795;486,035072;;486,035072;488,295521;2,260449;;2,142455;-0,344619;-2,487074
53423;488,295521;;488,295521;488,413515;0,117994;;-0,344619;0,370109;0,714728
53464;488,413515;;488,413515;488,876128;0,462613;;0,370109;-7,915844;-8,285953
53528;488,876128;;488,876128;488,968632;0,092504;;-7,915844;7,965406;15,88125
53547;488,968632;;488,968632;496,97698;8,008348;;7,965406;-0,029391;-7,994797
55522;496,97698;;496,97698;497,019922;0,042942;;-0,029391;0,017269;0,04666
55523;497,019922;;497,019922;497,092255;0,072333;;0,017269;-6,532696;-6,549965
55566;497,092255;;497,092255;497,147319;0,055064;;-6,532696;6,476605;13,009301
55585;497,147319;;497,147319;503,735079;6,58776;;6,476605;-1,914499;-8,391104
57648;503,735079;;503,735079;503,846234;0,111155;;-1,914499;1,972369;3,886868
57661;503,846234;;503,846234;505,871888;2,025654;;1,972369;-0,298773;-2,271142
58272;505,871888;;505,871888;505,925173;0,053285;;-0,298773;0,26557;0,564343
58282;505,925173;;505,925173;506,277231;0,352058;;0,26557;-0,215622;-0,481192
58388;506,277231;;506,277231;506,363719;0,086488;;-0,215622;0,249261;0,464883
58404;506,363719;;506,363719;506,665829;0,30211;;0,249261;-0,012817;-0,262078
58491;506,665829;;506,665829;506,718678;0,052849;;-0,012817;0,013328;0,026145
58505;506,718678;;506,718678;506,784344;0,065666;;0,013328;-4,366579;-4,379907
58530;506,784344;;506,784344;506,836682;0,052338;;-4,366579;4,418524;8,785103
58539;506,836682;;506,836682;511,255599;4,418917;;4,418524;0,000198;-4,418326
59800;511,255599;;511,255599;511,255992;0,000393;;0,000198;0,000116;-8,2E-05
59801;511,255992;;511,255992;511,256187;0,000195;;0,000116;-0,0625;-0,062616
59802;511,256187;;511,256187;511,256266;7,9E-05;;-0,0625;0,062579;0,125079
59803;511,256266;;511,256266;511,318845;0,062579;;0,062579;-0,198326;-0,260905
59831;511,318845;;511,318845;511,318845;0;;-0,198326;0,151189;0,349515
59832;511,318845;;511,318845;511,517171;0,198326;;0,151189;0,046913;-0,104276
59890;511,517171;;511,517171;511,564308;0,047137;;0,046913;-0,000481;-0,047394
59896;511,564308;;511,564308;511,564532;0,000224;;-0,000481;-0,051654;-0,051173
59897;511,564532;;511,564532;511,565237;0,000705;;-0,051654;0,033566;0,08522
59898;511,565237;;511,565237;511,617596;0,052359;;0,033566;0,01701;-0,016556
59914;511,617596;;511,617596;511,636389;0,018793;;0,01701;0,001733;-0,015277
59922;511,636389;;511,636389;511,638172;0,001783;;0,001733;-0,000755;-0,002488
59923;511,638172;;511,638172;511,638222;5E-05;;-0,000755;0,000555;0,00131
59924;511,638222;;511,638222;511,639027;0,000805;;0,000555;0,000209;-0,000346
59925;511,639027;;511,639027;511,639277;0,00025;;0,000209;-0,010679;-0,010888
59926;511,639277;;511,639277;511,639318;4,1E-05;;-0,010679;0,010153;0,020832
59927;511,639318;;511,639318;511,650038;0,01072;;0,010153;0,000429;-0,009724
59933;511,650038;;511,650038;511,650605;0,000567;;0,000429;-0,065687;-0,066116
59934;511,650605;;511,650605;511,650743;0,000138;;-0,065687;0,065825;0,131512
59935;511,650743;;511,650743;511,716568;0,065825;;0,065825;0;-0,065825
59957;511,716568;;511,716568;511,716568;0;;0;-0,000464;-0,000464
59958;511,716568;;511,716568;511,716568;0;;-0,000464;-0,001378;-0,000914
59959;511,716568;;511,716568;511,717032;0,000464;;-0,001378;0,001842;0,00322
59961;511,717032;;511,717032;511,718874;0,001842;;0,001842;0;-0,001842
59965;511,718874;;511,718874;511,718874;0;;0;-0,000103;-0,000103
59966;511,718874;;511,718874;511,718874;0;;-0,000103;-0,001393;-0,00129
59967;511,718874;;511,718874;511,718977;0,000103;;-0,001393;0,001433;0,002826
59968;511,718977;;511,718977;511,720473;0,001496;;0,001433;-0,044205;-0,045638
59970;511,720473;;511,720473;511,720536;6,3E-05;;-0,044205;-0,020098;0,024107
59971;511,720536;;511,720536;511,764804;0,044268;;-0,020098;-1,892702;-1,872604
59982;511,764804;;511,764804;511,82917;0,064366;;-1,892702;1,956734;3,849436
59989;511,82917;;511,82917;513,786238;1,957068;;1,956734;-0,078161;-2,034895
60626;513,786238;;513,786238;513,786572;0,000334;;-0,078161;0,078495;0,156656
60627;513,786572;;513,786572;513,865067;0,078495;;0,078495;-5,729926;-5,808421
60655;513,865067;;513,865067;513,865067;0;;-5,729926;5,662766;11,392692
60656;513,865067;;513,865067;519,594993;5,729926;;5,662766;0,066961;-5,595805
62306;519,594993;;519,594993;519,662153;0,06716;;0,066961;-0,001812;-0,068773
62329;519,662153;;519,662153;519,662352;0,000199;;-0,001812;-0,051713;-0,049901
62330;519,662352;;519,662352;519,664363;0,002011;;-0,051713;-0,146912;-0,095199
62334;519,664363;;519,664363;519,718087;0,053724;;-0,146912;0,199916;0,346828
62353;519,718087;;519,718087;519,918723;0,200636;;0,199916;0,000541;-0,199375
62395;519,918723;;519,918723;519,919443;0,00072;;0,000541;-0,101415;-0,101956
62396;519,919443;;519,919443;519,919622;0,000179;;-0,101415;0,101495;0,20291
62397;519,919622;;519,919622;520,021216;0,101594;;0,101495;-0,068167;-0,169662
62424;520,021216;;520,021216;520,021315;9,9E-05;;-0,068167;0,005788;0,073955
62425;520,021315;;520,021315;520,089581;0,068266;;0,005788;-0,806758;-0,812546
62452;520,089581;;520,089581;520,152059;0,062478;;-0,806758;0,869112;1,67587
62494;520,152059;;520,152059;521,021295;0,869236;;0,869112;-0,070648;-0,93976
62768;521,021295;;521,021295;521,021419;0,000124;;-0,070648;0,070668;0,141316
62769;521,021419;;521,021419;521,092191;0,070772;;0,070668;-0,024917;-0,095585
62786;521,092191;;521,092191;521,092295;0,000104;;-0,024917;-0,028566;-0,003649
62787;521,092295;;521,092295;521,117316;0,025021;;-0,028566;-0,077801;-0,049235
62797;521,117316;;521,117316;521,170903;0,053587;;-0,077801;0,124556;0,202357
62812;521,170903;;521,170903;521,302291;0,131388;;0,124556;0,004283;-0,120273
62860;521,302291;;521,302291;521,309123;0,006832;;0,004283;0,002367;-0,001916
62861;521,309123;;521,309123;521,311672;0,002549;;0,002367;0,000182;-0,002185
62868;521,311672;;521,311672;521,311854;0,000182;;0,000182;-0,029299;-0,029481
62869;521,311854;;521,311854;521,311854;0;;-0,029299;0,028944;0,058243
62870;521,311854;;521,311854;521,341153;0,029299;;0,028944;-0,027241;-0,056185
62875;521,341153;;521,341153;521,341508;0,000355;;-0,027241;0,027531;0,054772
62876;521,341508;;521,341508;521,369104;0,027596;;0,027531;-7E-06;-0,027538
62889;521,369104;;521,369104;521,369169;6,5E-05;;-7E-06;7,2E-05;7,9E-05
62890;521,369169;;521,369169;521,369241;7,2E-05;;7,2E-05;-2,2E-05;-9,4E-05
62891;521,369241;;521,369241;521,369241;0;;-2,2E-05;2,2E-05;4,4E-05
62892;521,369241;;521,369241;521,369263;2,2E-05;;2,2E-05;-0,043396;-0,043418
62893;521,369263;;521,369263;521,369263;0;;-0,043396;0,014607;0,058003
62894;521,369263;;521,369263;521,412659;0,043396;;0,014607;0,028789;0,014182
62912;521,412659;;521,412659;521,441448;0,028789;;0,028789;-0,019645;-0,048434
62918;521,441448;;521,441448;521,441448;0;;-0,019645;-0,242988;-0,223343
62919;521,441448;;521,441448;521,461093;0,019645;;-0,242988;0,251165;0,494153
62925;521,461093;;521,461093;521,723726;0,262633;;0,251165;0,01064;-0,240525
62981;521,723726;;521,723726;521,735194;0,011468;;0,01064;0,000773;-0,009867
62985;521,735194;;521,735194;521,736022;0,000828;;0,000773;-0,00041;-0,001183
62986;521,736022;;521,736022;521,736077;5,5E-05;;-0,00041;0,000465;0,000875
62987;521,736077;;521,736077;521,736542;0,000465;;0,000465;-4,5E-05;-0,00051
62988;521,736542;;521,736542;521,736542;0;;-4,5E-05;-0,000774;-0,000729
62989;521,736542;;521,736542;521,736587;4,5E-05;;-0,000774;0,000819;0,001593
62990;521,736587;;521,736587;521,737406;0,000819;;0,000819;0;-0,000819
62991;521,737406;;521,737406;521,737406;0;;0;-7,6E-05;-7,6E-05
62992;521,737406;;521,737406;521,737406;0;;-7,6E-05;-0,02317;-0,023094
62993;521,737406;;521,737406;521,737482;7,6E-05;;-0,02317;0,021942;0,045112
62994;521,737482;;521,737482;521,760728;0,023246;;0,021942;0,001198;-0,020744
62995;521,760728;;521,760728;521,762032;0,001304;;0,001198;-0,000167;-0,001365
62996;521,762032;;521,762032;521,762138;0,000106;;-0,000167;-0,102015;-0,101848
62997;521,762138;;521,762138;521,762411;0,000273;;-0,102015;0,102288;0,204303
62998;521,762411;;521,762411;521,864699;0,102288;;0,102288;0;-0,102288
63017;521,864699;;521,864699;521,864699;0;;0;-0,000304;-0,000304
63018;521,864699;;521,864699;521,864699;0;;-0,000304;-0,0168;-0,016496
63019;521,864699;;521,864699;521,865003;0,000304;;-0,0168;0,016865;0,033665
63022;521,865003;;521,865003;521,882107;0,017104;;0,016865;-0,000303;-0,017168
63038;521,882107;;521,882107;521,882346;0,000239;;-0,000303;0,000542;0,000845
63043;521,882346;;521,882346;521,882888;0,000542;;0,000542;0;-0,000542
63049;521,882888;;521,882888;521,882888;0;;0;-0,000147;-0,000147
63050;521,882888;;521,882888;521,882888;0;;-0,000147;-0,000425;-0,000278
63051;521,882888;;521,882888;521,883035;0,000147;;-0,000425;-0,045951;-0,045526
63053;521,883035;;521,883035;521,883607;0,000572;;-0,045951;-0,080266;-0,034315
63056;521,883607;;521,883607;521,93013;0,046523;;-0,080266;0,022874;0,10314
63057;521,93013;;521,93013;522,056919;0,126789;;0,022874;0,101771;0,078897
63083;522,056919;;522,056919;522,160834;0,103915;;0,101771;-0,000301;-0,102072
63118;522,160834;;522,160834;522,162978;0,002144;;-0,000301;0,002445;0,002746
63119;522,162978;;522,162978;522,165423;0,002445;;0,002445;0;-0,002445
63127;522,165423;;522,165423;522,165423;0;;0;-0,000357;-0,000357
63128;522,165423;;522,165423;522,165423;0;;-0,000357;-0,013137;-0,01278
63129;522,165423;;522,165423;522,16578;0,000357;;-0,013137;0,013208;0,026345
63131;522,16578;;522,16578;522,179274;0,013494;;0,013208;4,4E-05;-0,013164
63137;522,179274;;522,179274;522,17956;0,000286;;4,4E-05;0,000242;0,000198
63138;522,17956;;522,17956;522,179802;0,000242;;0,000242;-0,037558;-0,0378
63139;522,179802;;522,179802;522,179802;0;;-0,037558;0,037346;0,074904
63140;522,179802;;522,179802;522,21736;0,037558;;0,037346;-0,046907;-0,084253
63146;522,21736;;522,21736;522,217572;0,000212;;-0,046907;0,047119;0,094026
63151;522,217572;;522,217572;522,264691;0,047119;;0,047119;0;-0,047119
63163;522,264691;;522,264691;522,264691;0;;0;-0,000579;-0,000579
63164;522,264691;;522,264691;522,264691;0;;-0,000579;-0,053026;-0,052447
63165;522,264691;;522,264691;522,26527;0,000579;;-0,053026;-7,4E-05;0,052952
63174;522,26527;;522,26527;522,318875;0,053605;;-7,4E-05;0,012013;0,012087
63198;522,318875;;522,318875;522,372554;0,053679;;0,012013;0,040188;0,028175
63207;522,372554;;522,372554;522,41422;0,041666;;0,040188;0,001173;-0,039015
63218;522,41422;;522,41422;522,415698;0,001478;;0,001173;0,000166;-0,001007
63223;522,415698;;522,415698;522,416003;0,000305;;0,000166;5,4E-05;-0,000112
63224;522,416003;;522,416003;522,416142;0,000139;;5,4E-05;-0,002768;-0,002822
63225;522,416142;;522,416142;522,416227;8,5E-05;;-0,002768;-0,053149;-0,050381
63227;522,416227;;522,416227;522,41908;0,002853;;-0,053149;0,056002;0,109151
63229;522,41908;;522,41908;522,475082;0,056002;;0,056002;0;-0,056002
63244;522,475082;;522,475082;522,475082;0;;0;-0,000127;-0,000127
63245;522,475082;;522,475082;522,475082;0;;-0,000127;-0,043084;-0,042957
63246;522,475082;;522,475082;522,475209;0,000127;;-0,043084;0,039834;0,082918
63247;522,475209;;522,475209;522,51842;0,043211;;0,039834;-0,045022;-0,084856
63249;522,51842;;522,51842;522,521797;0,003377;;-0,045022;-0,00274;0,042282
63262;522,521797;;522,521797;522,570196;0,048399;;-0,00274;0,026374;0,029114
63263;522,570196;;522,570196;522,621335;0,051139;;0,026374;0,02371;-0,002664
63272;522,621335;;522,621335;522,6461;0,024765;;0,02371;-0,007847;-0,031557
63278;522,6461;;522,6461;522,647155;0,001055;;-0,007847;-0,049264;-0,041417
63282;522,647155;;522,647155;522,656057;0,008902;;-0,049264;0,058166;0,10743
63287;522,656057;;522,656057;522,714223;0,058166;;0,058166;-0,050972;-0,109138
63297;522,714223;;522,714223;522,714223;0;;-0,050972;-0,015094;0,035878
63298;522,714223;;522,714223;522,765195;0,050972;;-0,015094;0,002413;0,017507
63317;522,765195;;522,765195;522,831261;0,066066;;0,002413;0,041829;0,039416
63339;522,831261;;522,831261;522,894914;0,063653;;0,041829;0,021166;-0,020663
63354;522,894914;;522,894914;522,916738;0,021824;;0,021166;-0,007394;-0,02856
63360;522,916738;;522,916738;522,917396;0,000658;;-0,007394;0,008052;0,015446
63363;522,917396;;522,917396;522,925448;0,008052;;0,008052;-0,015444;-0,023496
63369;522,925448;;522,925448;522,925448;0;;-0,015444;-0,007702;0,007742
63370;522,925448;;522,925448;522,940892;0,015444;;-0,007702;0,023146;0,030848
63380;522,940892;;522,940892;522,964038;0,023146;;0,023146;-0,000263;-0,023409
63384;522,964038;;522,964038;522,964038;0;;-0,000263;0,000104;0,000367
63386;522,964038;;522,964038;522,964301;0,000263;;0,000104;-0,000243;-0,000347
63388;522,964301;;522,964301;522,96446;0,000159;;-0,000243;-0,007104;-0,006861
63389;522,96446;;522,96446;522,964862;0,000402;;-0,007104;-0,034356;-0,027252
63394;522,964862;;522,964862;522,972368;0,007506;;-0,034356;0,040568;0,074924
63400;522,972368;;522,972368;523,01423;0,041862;;0,040568;0,001294;-0,039274
63401;523,01423;;523,01423;523,015524;0,001294;;0,001294;-0,05045;-0,051744
63406;523,015524;;523,015524;523,015524;0;;-0,05045;0,05045;0,1009
63407;523,015524;;523,015524;523,065974;0,05045;;0,05045;0;-0,05045
63410;523,065974;;523,065974;523,065974;0;;0;-0,000301;-0,000301
63412;523,065974;;523,065974;523,065974;0;;-0,000301;0,000214;0,000515
63413;523,065974;;523,065974;523,066275;0,000301;;0,000214;-1,3E-05;-0,000227
63415;523,066275;;523,066275;523,066362;8,7E-05;;-1,3E-05;-0,057364;-0,057351
63416;523,066362;;523,066362;523,066462;1E-04;;-0,057364;0,057352;0,114716
63417;523,066462;;523,066462;523,123926;0,057464;;0,057352;-0,000281;-0,057633
63442;523,123926;;523,123926;523,124038;0,000112;;-0,000281;0,000327;0,000608
63443;523,124038;;523,124038;523,124431;0,000393;;0,000327;-0,092819;-0,093146
63445;523,124431;;523,124431;523,124497;6,6E-05;;-0,092819;0,092885;0,185704
63446;523,124497;;523,124497;523,217382;0,092885;;0,092885;-8,6E-05;-0,092971
63467;523,217382;;523,217382;523,217382;0;;-8,6E-05;-0,048941;-0,048855
63468;523,217382;;523,217382;523,217468;8,6E-05;;-0,048941;-0,049326;-0,000385
63471;523,217468;;523,217468;523,266495;0,049027;;-0,049326;0,098038;0,147364
63499;523,266495;;523,266495;523,364848;0,098353;;0,098038;-0,000208;-0,098246
63523;523,364848;;523,364848;523,365163;0,000315;;-0,000208;-0,051606;-0,051398
63528;523,365163;;523,365163;523,365686;0,000523;;-0,051606;0,052129;0,103735
63533;523,365686;;523,365686;523,417815;0,052129;;0,052129;0;-0,052129
63550;523,417815;;523,417815;523,417815;0;;0;-9,3E-05;-9,3E-05
63551;523,417815;;523,417815;523,417815;0;;-9,3E-05;-0,000802;-0,000709
63552;523,417815;;523,417815;523,417908;9,3E-05;;-0,000802;0,000705;0,001507
63553;523,417908;;523,417908;523,418803;0,000895;;0,000705;-0,047095;-0,0478
63557;523,418803;;523,418803;523,418993;0,00019;;-0,047095;0,046844;0,093939
63559;523,418993;;523,418993;523,466278;0,047285;;0,046844;-0,048622;-0,095466
63562;523,466278;;523,466278;523,466719;0,000441;;-0,048622;-0,010239;0,038383
63572;523,466719;;523,466719;523,515782;0,049063;;-0,010239;-0,000367;0,009872
63587;523,515782;;523,515782;523,575084;0,059302;;-0,000367;0,059451;0,059818
63610;523,575084;;523,575084;523,634753;0,059669;;0,059451;-0,001649;-0,0611
63630;523,634753;;523,634753;523,634971;0,000218;;-0,001649;-0,024891;-0,023242
63632;523,634971;;523,634971;523,636838;0,001867;;-0,024891;0,025629;0,05052
63633;523,636838;;523,636838;523,663596;0,026758;;0,025629;0,001015;-0,024614
63639;523,663596;;523,663596;523,664725;0,001129;;0,001015;-0,059521;-0,060536
63645;523,664725;;523,664725;523,664839;0,000114;;-0,059521;0,059635;0,119156
63648;523,664839;;523,664839;523,724474;0,059635;;0,059635;-6E-05;-0,059695
63660;523,724474;;523,724474;523,724474;0;;-6E-05;-0,092107;-0,092047
63661;523,724474;;523,724474;523,724534;6E-05;;-0,092107;0,092167;0,184274
63662;523,724534;;523,724534;523,816701;0,092167;;0,092167;0;-0,092167
63697;523,816701;;523,816701;523,816701;0;;0;-0,000114;-0,000114
63698;523,816701;;523,816701;523,816701;0;;-0,000114;-0,003168;-0,003054
63699;523,816701;;523,816701;523,816815;0,000114;;-0,003168;-0,044201;-0,041033
63702;523,816815;;523,816815;523,820097;0,003282;;-0,044201;-0,251062;-0,206861
63707;523,820097;;523,820097;523,86758;0,047483;;-0,251062;0,298545;0,549607
63724;523,86758;;523,86758;524,166125;0,298545;;0,298545;-0,000112;-0,298657
63788;524,166125;;524,166125;524,166125;0;;-0,000112;-0,248412;-0,2483
63789;524,166125;;524,166125;524,166237;0,000112;;-0,248412;0,247608;0,49602
63790;524,166237;;524,166237;524,414761;0,248524;;0,247608;0,000916;-0,246692
63869;524,414761;;524,414761;524,415677;0,000916;;0,000916;-5,2E-05;-0,000968
63871;524,415677;;524,415677;524,415677;0;;-5,2E-05;-0,009636;-0,009584
63872;524,415677;;524,415677;524,415729;5,2E-05;;-0,009636;-0,133956;-0,12432
63875;524,415729;;524,415729;524,425417;0,009688;;-0,133956;0,143125;0,277081
63878;524,425417;;524,425417;524,569061;0,143644;;0,143125;-0,077262;-0,220387
63906;524,569061;;524,569061;524,56958;0,000519;;-0,077262;0,000652;0,077914
63908;524,56958;;524,56958;524,647361;0,077781;;0,000652;0,045603;0,044951
63915;524,647361;;524,647361;524,72449;0,077129;;0,045603;0,031403;-0,0142
63935;524,72449;;524,72449;524,756016;0,031526;;0,031403;-0,044238;-0,075641
63942;524,756016;;524,756016;524,756139;0,000123;;-0,044238;0,03782;0,082058
63943;524,756139;;524,756139;524,8005;0,044361;;0,03782;0,006541;-0,031279
63954;524,8005;;524,8005;524,807041;0,006541;;0,006541;-0,000401;-0,006942
63959;524,807041;;524,807041;524,807041;0;;-0,000401;-0,057267;-0,056866
63960;524,807041;;524,807041;524,807442;0,000401;;-0,057267;0,053154;0,110421
63961;524,807442;;524,807442;524,86511;0,057668;;0,053154;-0,042705;-0,095859
63980;524,86511;;524,86511;524,869624;0,004514;;-0,042705;0,045596;0,088301
63993;524,869624;;524,869624;524,916843;0,047219;;0,045596;-1,495721;-1,541317
64003;524,916843;;524,916843;524,918466;0,001623;;-1,495721;1,49633;2,992051
64007;524,918466;;524,918466;526,41581;1,497344;;1,49633;-0,047243;-1,543573
64404;526,41581;;526,41581;526,416824;0,001014;;-0,047243;-0,204135;-0,156892
64411;526,416824;;526,416824;526,465081;0,048257;;-0,204135;0,252009;0,456144
64431;526,465081;;526,465081;526,717473;0,252392;;0,252009;-0,069453;-0,321462
64520;526,717473;;526,717473;526,717856;0,000383;;-0,069453;0,069646;0,139099
64523;526,717856;;526,717856;526,787692;0,069836;;0,069646;0,00019;-0,069456
64545;526,787692;;526,787692;526,787882;0,00019;;0,00019;0;-0,00019
64546;526,787882;;526,787882;526,787882;0;;0;0;0
64547;526,787882;;526,787882;526,787882;0;;0;-0,07614;-0,07614
64548;526,787882;;526,787882;526,787882;0;;-0,07614;0,07614;0,15228
64549;526,787882;;526,787882;526,864022;0,07614;;0,07614;0;-0,07614
64571;526,864022;;526,864022;526,864022;0;;0;0;0
64575;526,864022;;526,864022;526,864022;0;;0;-0,234368;-0,234368
64576;526,864022;;526,864022;526,864022;0;;-0,234368;0,165672;0,40004
64577;526,864022;;526,864022;527,09839;0,234368;;0,165672;-0,000235;-0,165907
64659;527,09839;;527,09839;527,167086;0,068696;;-0,000235;0,015552;0,015787
64678;527,167086;;527,167086;527,236017;0,068931;;0,015552;-0,119349;-0,134901
64703;527,236017;;527,236017;527,289396;0,053379;;-0,119349;0,12292;0,242269
64721;527,289396;;527,289396;527,462124;0,172728;;0,12292;-0,004695;-0,127615
64761;527,462124;;527,462124;527,511932;0,049808;;-0,004695;0,054198;0,058893
64774;527,511932;;527,511932;527,566435;0,054503;;0,054198;-0,028728;-0,082926
64780;527,566435;;527,566435;527,56674;0,000305;;-0,028728;0,028278;0,057006
64781;527,56674;;527,56674;527,595773;0,029033;;0,028278;-0,064816;-0,093094
64790;527,595773;;527,595773;527,596528;0,000755;;-0,064816;0,065571;0,130387
64791;527,596528;;527,596528;527,662099;0,065571;;0,065571;0;-0,065571
64815;527,662099;;527,662099;527,662099;0;;0;0;0
64816;527,662099;;527,662099;527,662099;0;;0;-0,000297;-0,000297
64817;527,662099;;527,662099;527,662099;0;;-0,000297;-0,003771;-0,003474
64818;527,662099;;527,662099;527,662396;0,000297;;-0,003771;0,004068;0,007839
64820;527,662396;;527,662396;527,666464;0,004068;;0,004068;-0,001179;-0,005247
64825;527,666464;;527,666464;527,666464;0;;-0,001179;0,000781;0,00196
64826;527,666464;;527,666464;527,667643;0,001179;;0,000781;0,000292;-0,000489
64827;527,667643;;527,667643;527,668041;0,000398;;0,000292;2,6E-05;-0,000266
64828;527,668041;;527,668041;527,668147;0,000106;;2,6E-05;-0,064601;-0,064627
64829;527,668147;;527,668147;527,668227;8E-05;;-0,064601;0,064475;0,129076
64830;527,668227;;527,668227;527,732908;0,064681;;0,064475;-0,000221;-0,064696
64849;527,732908;;527,732908;527,733114;0,000206;;-0,000221;-0,000957;-0,000736
64850;527,733114;;527,733114;527,733541;0,000427;;-0,000957;0,001297;0,002254
64851;527,733541;;527,733541;527,734925;0,001384;;0,001297;-0,008986;-0,010283
64852;527,734925;;527,734925;527,735012;8,7E-05;;-0,008986;0,008958;0,017944
64853;527,735012;;527,735012;527,744085;0,009073;;0,008958;-0,079884;-0,088842
64860;527,744085;;527,744085;527,7442;0,000115;;-0,079884;0,060163;0,140047
64861;527,7442;;527,7442;527,824199;0,079999;;0,060163;0,019733;-0,04043
64886;527,824199;;527,824199;527,844035;0,019836;;0,019733;-0,053805;-0,073538
64892;527,844035;;527,844035;527,844138;0,000103;;-0,053805;0,053787;0,107592
64893;527,844138;;527,844138;527,898046;0,053908;;0,053787;-0,091832;-0,145619
64910;527,898046;;527,898046;527,898167;0,000121;;-0,091832;0,091834;0,183666
64911;527,898167;;527,898167;527,99012;0,091953;;0,091834;-5,434771;-5,526605
64937;527,99012;;527,99012;527,990239;0,000119;;-5,434771;5,357826;10,792597
64938;527,990239;;527,990239;533,425129;5,43489;;5,357826;-0,395724;-5,75355
66606;533,425129;;533,425129;533,502193;0,077064;;-0,395724;0,427492;0,823216
66623;533,502193;;533,502193;533,974981;0,472788;;0,427492;-2,516228;-2,94372
66774;533,974981;;533,974981;534,020277;0,045296;;-2,516228;2,480321;4,996549
66775;534,020277;;534,020277;536,581801;2,561524;;2,480321;-0,944637;-3,424958
67478;536,581801;;536,581801;536,663004;0,081203;;-0,944637;0,973813;1,91845
67495;536,663004;;536,663004;537,688844;1,02584;;0,973813;-0,033134;-1,006947
67767;537,688844;;537,688844;537,740871;0,052027;;-0,033134;0,031918;0,065052
67794;537,740871;;537,740871;537,826032;0,085161;;0,031918;-3,445629;-3,477547
67822;537,826032;;537,826032;537,879275;0,053243;;-3,445629;3,447791;6,89342
67839;537,879275;;537,879275;541,378147;3,498872;;3,447791;-0,012629;-3,46042
68825;541,378147;;541,378147;541,429228;0,051081;;-0,012629;0,022621;0,03525
68826;541,429228;;541,429228;541,492938;0,06371;;0,022621;-4,279149;-4,30177
68858;541,492938;;541,492938;541,534027;0,041089;;-4,279149;4,270377;8,549526
68873;541,534027;;541,534027;545,854265;4,320238;;4,270377;0,049623;-4,220754
70251;545,854265;;545,854265;545,904126;0,049861;;0,049623;-0,000731;-0,050354
70264;545,904126;;545,904126;545,904364;0,000238;;-0,000731;-0,071492;-0,070761
70265;545,904364;;545,904364;545,905333;0,000969;;-0,071492;-0,002888;0,068604
70266;545,905333;;545,905333;545,977794;0,072461;;-0,002888;0,074964;0,077852
70282;545,977794;;545,977794;546,053143;0,075349;;0,074964;0,000385;-0,074579
70291;546,053143;;546,053143;546,053528;0,000385;;0,000385;0;-0,000385
70292;546,053528;;546,053528;546,053528;0;;0;-0,000153;-0,000153
70293;546,053528;;546,053528;546,053528;0;;-0,000153;-0,00014;1,3E-05
70294;546,053528;;546,053528;546,053681;0,000153;;-0,00014;-0,00537;-0,00523
70295;546,053681;;546,053681;546,053974;0,000293;;-0,00537;-0,05367;-0,0483
70296;546,053974;;546,053974;546,059637;0,005663;;-0,05367;0,006486;0,060156
70297;546,059637;;546,059637;546,11897;0,059333;;0,006486;0,049204;0,042718
70308;546,11897;;546,11897;546,171817;0,052847;;0,049204;-0,000839;-0,050043
70328;546,171817;;546,171817;546,17546;0,003643;;-0,000839;0,003485;0,004324
70329;546,17546;;546,17546;546,179942;0,004482;;0,003485;-0,059456;-0,062941
70330;546,179942;;546,179942;546,180939;0,000997;;-0,059456;0,05246;0,111916
70331;546,180939;;546,180939;546,241392;0,060453;;0,05246;-0,024487;-0,076947
70351;546,241392;;546,241392;546,249385;0,007993;;-0,024487;0,03042;0,054907
70356;546,249385;;546,249385;546,281865;0,03248;;0,03042;-0,055616;-0,086036
70371;546,281865;;546,281865;546,283925;0,00206;;-0,055616;-0,022216;0,0334
70372;546,283925;;546,283925;546,341601;0,057676;;-0,022216;0,03459;0,056806
70392;546,341601;;546,341601;546,421493;0,079892;;0,03459;-2,337844;-2,372434
70422;546,421493;;546,421493;546,466795;0,045302;;-2,337844;2,318377;4,656221
70438;546,466795;;546,466795;548,849941;2,383146;;2,318377;-1,950733;-4,26911
71049;548,849941;;548,849941;548,91471;0,064769;;-1,950733;1,954568;3,905301
71062;548,91471;;548,91471;550,930212;2,015502;;1,954568;-0,31691;-2,271478
71310;550,930212;;550,930212;550,991146;0,060934;;-0,31691;0,315844;0,632754
71319;550,991146;;550,991146;551,36899;0,377844;;0,315844;-5,344433;-5,660277
71354;551,36899;;551,36899;551,43099;0,062;;-5,344433;5,359397;10,70383
71355;551,43099;;551,43099;556,837423;5,406433;;5,359397;-0,312888;-5,672285
71370;556,837423;;556,837423;556,884459;0,047036;;-0,312888;0,302733;0,615621
71371;556,884459;;556,884459;557,244383;0,359924;;0,302733;-0,013139;-0,315872
71372;557,244383;;557,244383;557,301574;0,057191;;-0,013139;0,026688;0,039827
71373;557,301574;;557,301574;557,371904;0,07033;;0,026688;-7,70675;-7,733438
71374;557,371904;;557,371904;557,415546;0,043642;;-7,70675;7,491916;15,198666
71375;557,415546;;557,415546;565,165938;7,750392;;7,491916;-3,026427;-10,518343
71378;565,165938;;565,165938;565,424414;0,258476;;-3,026427;3,232874;6,259301
71379;565,424414;;565,424414;568,709317;3,284903;;3,232874;-0,023961;-3,256835
71380;568,709317;;568,709317;568,761346;0,052029;;-0,023961;0,031457;0,055418
71381;568,761346;;568,761346;568,837336;0,07599;;0,031457;-9,583628;-9,615085
71382;568,837336;;568,837336;568,881869;0,044533;;-9,583628;9,523278;19,106906
71383;568,881869;;568,881869;578,51003;9,628161;;9,523278;-0,306943;-9,830221
71397;578,51003;;578,51003;578,614913;0,104883;;-0,306943;0,346399;0,653342
71398;578,614913;;578,614913;579,026739;0,411826;;0,346399;-8,226953;-8,573352
71399;579,026739;;579,026739;579,092166;0,065427;;-8,226953;8,184123;16,411076
71400;579,092166;;579,092166;587,384546;8,29238;;8,184123;0,04228;-8,141843
71441;587,384546;;587,384546;587,492803;0,108257;;0,04228;0,021312;-0,020968
71442;587,492803;;587,492803;587,55878;0,065977;;0,021312;-4,228506;-4,249818
71443;587,55878;;587,55878;587,603445;0,044665;;-4,228506;4,198761;8,427267
71444;587,603445;;587,603445;591,876616;4,273171;;4,198761;0,017601;-4,18116
71445;591,876616;;591,876616;591,951026;0,07441;;0,017601;0,000747;-0,016854
71446;591,951026;;591,951026;592,007835;0,056809;;0,000747;-1,801631;-1,802378
71447;592,007835;;592,007835;592,063897;0,056062;;-1,801631;1,798486;3,600117
71448;592,063897;;592,063897;593,92159;1,857693;;1,798486;-1,954794;-3,75328
71449;593,92159;;593,92159;593,980797;0,059207;;-1,954794;1,959092;3,913886
71450;593,980797;;593,980797;595,994798;2,014001;;1,959092;-0,327048;-2,28614
71451;595,994798;;595,994798;596,049707;0,054909;;-0,327048;0,324719;0,651767
71452;596,049707;;596,049707;596,431664;0,381957;;0,324719;-3,119132;-3,443851
71453;596,431664;;596,431664;596,488902;0,057238;;-3,119132;3,112582;6,231714
71454;596,488902;;596,488902;599,665272;3,17637;;3,112582;-0,003948;-3,11653
71455;599,665272;;599,665272;599,72906;0,063788;;-0,003948;0,012672;0,01662
71456;599,72906;;599,72906;599,796796;0,067736;;0,012672;-1,322961;-1,335633
71457;599,796796;;599,796796;599,85186;0,055064;;-1,322961;1,333542;2,656503
71458;599,85186;;599,85186;601,229885;1,378025;;1,333542;-0,568995;-1,902537
71459;601,229885;;601,229885;601,274368;0,044483;;-0,568995;0,559445;1,12844
71460;601,274368;;601,274368;601,887846;0,613478;;0,559445;-7,630109;-8,189554
71462;601,887846;;601,887846;601,941879;0,054033;;-7,630109;7,683565;15,313674
71463;601,941879;;601,941879;609,626021;7,684142;;7,683565;-0,053345;-7,73691
71473;609,626021;;609,626021;609,626598;0,000577;;-0,053345;0,027081;0,080426
71474;609,626598;;609,626598;609,68052;0,053922;;0,027081;0,026715;-0,000366
71475;609,68052;;609,68052;609,707361;0,026841;;0,026715;-7,86158;-7,888295
71476;609,707361;;609,707361;609,707487;0,000126;;-7,86158;7,861706;15,723286
71477;609,707487;;609,707487;617,569193;7,861706;;;;
71562;617,569193;;;;;;;;
;;;;Total Delay;617,569193;;;Total Jiter;15,723286
;;;;Rata-rata delay;0,008629848;;;Rata-rata Jiter;0,000219716
